Device_ID;Toggle_Solar_FETs;Toggle_Load_FETs;Toggle_Fan;Solar_Shunt_Current;Solar_Shunt_Voltage;Solar_Shunt_Power;Load_Shunt_Current;Load_Shunt_Voltage;Load_Shunt_Power;Board_Temperature;RTC_Time;Cell_Voltages;Max_Cell_V;Max_Cell;Min_Cell_V;Min_Cell;Pack_Avrg;Pack_V;Cell_Discharge;Is_Charging;Is_Discharging;Error;Solar_Shunt_Status;Load_Shunt_Status;RTC_Status;BMS_Status;Loads_Status
solar_pv_005;0;0;0;0;0;0;0;0;0;30.15386;2025-01-01T00:00:00;[0, 0, 0, 0, 0, 0, 0, 0];0;0;0;0;0;0;;False;False;0;0;0;0;0;0
solar_pv_005;0;0;0;0;0;0;0;0;0;30.26913;2025-01-01T00:00:00;[0, 0, 0, 0, 0, 0, 0, 0];0;0;0;0;0;0;;False;False;0;0;0;0;0;0
solar_pv_005;0;0;0;0;0;0;0;0;0;30.26913;2025-01-01T00:00:00;[0, 0, 0, 0, 0, 0, 0, 0];0;0;0;0;0;0;;False;False;0;0;0;0;0;0
solar_pv_005;0;0;0;0;0;0;0;0;0;30.2922;2025-01-01T00:00:00;[0, 0, 0, 0, 0, 0, 0, 0];0;0;0;0;0;0;;False;False;0;0;0;0;0;0
solar_pv_005;0;0;0;0;0;0;0;0;0;30.2922;2025-01-01T00:00:00;[0, 0, 0, 0, 0, 0, 0, 0];0;0;0;0;0;0;;False;False;0;0;0;0;0;0
solar_pv_005;0;0;0;0;0;0;0;0;0;30.2922;2000-01-01T00:33:03;[3.5595, 3.5535, 3.561, 3.5595, 3.6015, 3.612, 3.597, 3.6];3.612;5;3.5535;1;3.5805;28.644;dddddddd;False;False;6;0;0;1;1;1
solar_pv_005;1;1;0;0;0;0;0;0;0;30.15386;2000-01-01T00:33:10;[3.555, 3.5415, 3.5625, 3.5685, 3.621, 3.621, 3.6045, 3.609];3.621;4;3.5415;1;3.585375;28.683;dddddddd;True;True;0;0;1;1;1;1
solar_pv_005;1;1;0;0;0;0;0;0;0;30.45388;2000-01-01T00:33:16;[3.5655, 3.5595, 3.564, 3.57, 3.6225, 3.6225, 3.606, 3.609];3.6225;4;3.5595;1;3.589875;28.719;wwwwdddd;True;True;0;0;1;1;1;1
solar_pv_005;1;1;0;0;0;0;0;0;0;30.38455;2000-01-01T00:33:22;[3.567, 3.5595, 3.5655, 3.567, 3.6075, 3.6, 3.606, 3.6105];3.6105;7;3.5595;1;3.585375;28.683;wwwwdddd;True;True;0;0;1;1;1;1
solar_pv_005;1;1;0;0;0;0;0;0;0;30.33837;2000-01-01T00:33:28;[3.567, 3.5595, 3.567, 3.567, 3.6075, 3.6315, 3.594, 3.5865];3.6315;5;3.5595;1;3.585;28.68;wwwwd_dd;True;True;0;0;1;1;1;1
solar_pv_005;1;1;0;0;0;0;0;0;0;30.15386;2000-01-01T00:33:34;[3.567, 3.5595, 3.567, 3.567, 3.6075, 3.6315, 3.594, 3.588];3.6315;5;3.5595;1;3.585187;28.6815;wwwwdd__;True;True;0;0;1;1;1;1
solar_pv_005;1;1;0;0;0;0;0;0;0;30.15386;2000-01-01T00:33:40;[3.5685, 3.561, 3.567, 3.57, 3.609, 3.6, 3.6435, 3.6075];3.6435;6;3.561;1;3.590812;28.7265;wwwwdd__;True;True;0;0;1;1;1;1
solar_pv_005;1;1;0;0;0;0;0;0;0;30.19995;2000-01-01T00:33:47;[3.5685, 3.561, 3.5685, 3.5685, 3.609, 3.6015, 3.6435, 3.6075];3.6435;6;3.561;1;3.591;28.728;wwww__d_;True;True;0;0;1;1;1;1
solar_pv_005;1;1;0;0;0;0;0;0;0;30.1769;2000-01-01T00:33:53;[3.5685, 3.561, 3.5685, 3.5685, 3.621, 3.621, 3.594, 3.618];3.621;4;3.561;1;3.590063;28.7205;wwww__d_;True;True;0;0;1;1;1;1
solar_pv_005;1;1;0;0;0;0;0;0;0;30.10781;2000-01-01T00:33:59;[3.5685, 3.561, 3.57, 3.5685, 3.6105, 3.6015, 3.6435, 3.5985];3.6435;6;3.561;1;3.59025;28.722;wwwwdd_d;True;True;0;0;1;1;1;1
solar_pv_005;1;1;0;0;0;0;0;0;0;30.22302;2000-01-01T00:34:05;[3.57, 3.5625, 3.5685, 3.57, 3.6105, 3.6015, 3.6435, 3.597];3.6435;6;3.5625;1;3.590437;28.7235;wwww__d_;True;True;0;0;1;1;1;1
solar_pv_005;1;1;0;0;0;0;0;0;0;30.38455;2000-01-01T00:34:11;[3.57, 3.5625, 3.57, 3.57, 3.621, 3.621, 3.594, 3.6195];3.621;4;3.5625;1;3.591;28.728;wwww__d_;True;True;0;0;1;1;1;1
solar_pv_005;1;1;0;0;0;0;0;0;0;30.15386;2000-01-01T00:34:18;[3.57, 3.5625, 3.57, 3.57, 3.621, 3.6225, 3.594, 3.6195];3.6225;5;3.5625;1;3.591187;28.7295;wwwwdd_d;True;True;0;0;1;1;1;1
solar_pv_005;1;1;0;0;0;0;0.383824;0.000653;0.00025;30.1769;2000-01-01T00:34:24;[3.57, 3.5625, 3.57, 3.57, 3.6105, 3.603, 3.645, 3.5985];3.645;6;3.5625;1;3.591187;28.7295;wwwwdd_d;True;True;0;0;1;1;1;1
solar_pv_005;1;1;0;0;0;0;0.373529;0.000635;0.000237;30.2922;2000-01-01T00:34:30;[3.57, 3.564, 3.57, 3.57, 3.6225, 3.6225, 3.5955, 3.6195];3.6225;4;3.564;1;3.59175;28.734;wwww__d_;True;True;0;0;1;1;1;1
solar_pv_005;1;1;0;0;0;0;0.389706;0.000662;0.000258;30.33837;2000-01-01T00:34:36;[3.5715, 3.564, 3.5715, 3.5715, 3.621, 3.6225, 3.5955, 3.6195];3.6225;5;3.564;1;3.592125;28.737;wwwwdd_d;True;True;0;0;1;1;1;1
solar_pv_005;1;1;0;0;0;0;0.380882;0.000647;0.000247;30.33837;2000-01-01T00:34:42;[3.57, 3.564, 3.5715, 3.57, 3.6105, 3.6045, 3.645, 3.5985];3.645;6;3.564;1;3.59175;28.734;wwwwdd_d;True;True;0;0;1;1;1;1
solar_pv_005;1;1;0;0;0;0;0.389706;0.000662;0.000258;30.3153;2000-01-01T00:34:48;[3.57, 3.5625, 3.57, 3.5715, 3.6105, 3.603, 3.645, 3.5985];3.645;6;3.5625;1;3.591375;28.731;wwww__d_;True;True;0;0;1;1;1;1
solar_pv_005;1;1;0;0;0;0;0.386765;0.000658;0.000254;30.2922;2000-01-01T00:34:55;[3.5715, 3.564, 3.5715, 3.5715, 3.6225, 3.6225, 3.5955, 3.6195];3.6225;4;3.564;1;3.592312;28.7385;wwww__d_;True;True;0;0;1;1;1;1
solar_pv_005;1;1;0;0;0;0;0.389706;0.000662;0.000258;30.33837;2000-01-01T00:35:01;[3.5715, 3.564, 3.573, 3.5715, 3.612, 3.6045, 3.645, 3.5985];3.645;6;3.564;1;3.5925;28.74;wwwwdd_d;True;True;0;0;1;1;1;1
solar_pv_005;1;1;0;0;0;0;0.375;0.000638;0.000239;30.38455;2000-01-01T00:35:07;[3.5715, 3.5655, 3.5715, 3.5715, 3.6105, 3.6045, 3.645, 3.5985];3.645;6;3.5655;1;3.592312;28.7385;wwww__d_;True;True;0;0;1;1;1;1
solar_pv_005;1;1;0;0;0;0;0.391176;0.000665;0.00026;30.3153;2000-01-01T00:35:13;[3.5715, 3.564, 3.5715, 3.5715, 3.6225, 3.624, 3.597, 3.621];3.624;5;3.564;1;3.592875;28.743;wwww__d_;True;True;0;0;1;1;1;1
solar_pv_005;1;1;0;0;0;0;0.377941;0.000643;0.000243;30.03875;2000-01-01T00:35:19;[3.573, 3.5655, 3.573, 3.573, 3.624, 3.624, 3.597, 3.621];3.624;4;3.5655;1;3.593813;28.7505;wwwwdd_d;True;True;0;0;1;1;1;1
solar_pv_005;1;1;0;0;0;0;0.380882;0.000647;0.000247;30.33837;2000-01-01T00:35:25;[3.573, 3.5655, 3.573, 3.573, 3.6105, 3.6045, 3.645, 3.5985];3.645;6;3.5655;1;3.592875;28.743;wwwwdd_d;True;True;0;0;1;1;1;1
solar_pv_005;1;1;0;0;0;0;0.380882;0.000647;0.000247;30.36147;2000-01-01T00:35:32;[3.573, 3.5655, 3.573, 3.573, 3.624, 3.6255, 3.597, 3.621];3.6255;5;3.5655;1;3.594;28.752;wwww__d_;True;True;0;0;1;1;1;1
solar_pv_005;1;1;0;0;0;0;0.379412;0.000645;0.000245;30.40768;2000-01-01T00:35:38;[3.573, 3.5655, 3.573, 3.573, 3.624, 3.624, 3.597, 3.6225];3.624;4;3.5655;1;3.594;28.752;wwwwdd_d;True;True;0;0;1;1;1;1
solar_pv_005;1;1;0;0;0;0;0.383824;0.000653;0.00025;30.45388;2000-01-01T00:35:44;[3.573, 3.5655, 3.573, 3.5745, 3.612, 3.606, 3.6465, 3.6];3.6465;6;3.5655;1;3.593813;28.7505;wwwwdd_d;True;True;0;0;1;1;1;1
solar_pv_005;1;1;0;0;0;0;0.375;0.000638;0.000239;30.38455;2000-01-01T00:35:50;[3.573, 3.5655, 3.573, 3.573, 3.6135, 3.606, 3.6465, 3.6];3.6465;6;3.5655;1;3.593813;28.7505;wwww__d_;True;True;0;0;1;1;1;1
solar_pv_005;1;1;0;0;0;0;0.385294;0.000655;0.000252;30.36147;2000-01-01T00:35:56;[3.573, 3.5655, 3.5745, 3.5745, 3.624, 3.6255, 3.5985, 3.6225];3.6255;5;3.5655;1;3.59475;28.758;wwww__d_;True;True;0;0;1;1;1;1
solar_pv_005;1;1;0;0;0;0;0.380882;0.000647;0.000247;30.33837;2000-01-01T00:36:02;[3.5745, 3.567, 3.5745, 3.5745, 3.6135, 3.606, 3.645, 3.6];3.645;6;3.567;1;3.594375;28.755;wwwwdd_d;True;True;0;0;1;1;1;1
solar_pv_005;1;1;0;0;0;0;0.376471;0.00064;0.000241;30.40768;2000-01-01T00:36:09;[3.5745, 3.5655, 3.5745, 3.5745, 3.6135, 3.6075, 3.648, 3.6015];3.648;6;3.5655;1;3.594938;28.7595;wwww__d_;True;True;0;0;1;1;1;1
solar_pv_005;1;1;0;0;0;0;0.383824;0.000653;0.00025;30.36147;2000-01-01T00:36:15;[3.5745, 3.5655, 3.5745, 3.5745, 3.624, 3.627, 3.5985, 3.6225];3.627;5;3.5655;1;3.595125;28.761;wwww__d_;True;True;0;0;1;1;1;1
solar_pv_005;1;1;0;0;0;0;0.386765;0.000658;0.000254;30.40768;2000-01-01T00:36:21;[3.5745, 3.567, 3.576, 3.576, 3.6255, 3.627, 3.5985, 3.6225];3.627;5;3.567;1;3.595875;28.767;wwwwdd_d;True;True;0;0;1;1;1;1
solar_pv_005;1;1;0;0;0;0;0.380882;0.000647;0.000247;30.40768;2000-01-01T00:36:27;[3.576, 3.567, 3.576, 3.576, 3.612, 3.606, 3.6465, 3.6015];3.6465;6;3.567;1;3.595125;28.761;wwwwdd_d;True;True;0;0;1;1;1;1
solar_pv_005;1;1;0;0;0;0;0.376471;0.00064;0.000241;30.40768;2000-01-01T00:36:33;[3.576, 3.567, 3.576, 3.576, 3.624, 3.627, 3.5985, 3.624];3.627;5;3.567;1;3.596063;28.7685;wwww__d_;True;True;0;0;1;1;1;1
solar_pv_005;1;1;0;0;0;0;0.392647;0.000668;0.000262;30.40768;2000-01-01T00:36:40;[3.576, 3.5685, 3.576, 3.576, 3.6255, 3.627, 3.597, 3.6225];3.627;5;3.5685;1;3.596063;28.7685;wwwwdd_d;True;True;0;0;1;1;1;1
solar_pv_005;1;1;0;0;0;0;0.394118;0.00067;0.000264;30.45388;2000-01-01T00:36:46;[3.576, 3.5685, 3.576, 3.576, 3.615, 3.609, 3.648, 3.6015];3.648;6;3.5685;1;3.59625;28.77;wwwwdd_d;True;True;0;0;1;1;1;1
solar_pv_005;1;1;0;0;0;0;0.380882;0.000647;0.000247;30.33837;2000-01-01T00:36:52;[3.576, 3.567, 3.576, 3.576, 3.615, 3.609, 3.648, 3.6015];3.648;6;3.567;1;3.596062;28.7685;wwww__d_;True;True;0;0;1;1;1;1
solar_pv_005;1;1;0;0;0;0;0.385294;0.000655;0.000252;30.47701;2000-01-01T00:36:58;[3.576, 3.5685, 3.5775, 3.576, 3.624, 3.627, 3.5985, 3.624];3.627;5;3.5685;1;3.596438;28.7715;wwww__d_;True;True;0;0;1;1;1;1
solar_pv_005;1;1;0;0;0;0;0.391176;0.000665;0.00026;30.40768;2000-01-01T00:37:04;[3.576, 3.5685, 3.576, 3.5775, 3.615, 3.609, 3.648, 3.6015];3.648;6;3.5685;1;3.596437;28.7715;wwwwdd_d;True;True;0;0;1;1;1;1
solar_pv_005;1;1;0;0;0;0;0.380882;0.000647;0.000247;30.47701;2000-01-01T00:37:10;[3.5775, 3.5685, 3.576, 3.5775, 3.6135, 3.609, 3.648, 3.603];3.648;6;3.5685;1;3.596625;28.773;wwww__d_;True;True;0;0;1;1;1;1
solar_pv_005;1;1;0;0;0;0;0.377941;0.000643;0.000243;30.56957;2000-01-01T00:37:17;[3.5775, 3.57, 3.5775, 3.5775, 3.6285, 3.6285, 3.5985, 3.624];3.6285;4;3.57;1;3.59775;28.782;wwww__d_;True;True;0;0;1;1;1;1
solar_pv_005;1;1;0;0;0;0;0.380882;0.000647;0.000247;30.52328;2000-01-01T00:37:23;[3.5775, 3.57, 3.5775, 3.5775, 3.627, 3.6285, 3.6, 3.624];3.6285;5;3.57;1;3.59775;28.782;wwwwdd_d;True;True;0;0;1;1;1;1
solar_pv_005;1;1;0;0;0;0;0.395588;0.000672;0.000266;30.52328;2000-01-01T00:37:29;[3.5775, 3.5685, 3.5775, 3.579, 3.6165, 3.6105, 3.648, 3.603];3.648;6;3.5685;1;3.597563;28.7805;wwwwdd_d;True;True;0;0;1;1;1;1
solar_pv_005;1;1;0;0;0;0;0.392647;0.000668;0.000262;30.40768;2000-01-01T00:37:35;[3.5775, 3.57, 3.579, 3.579, 3.627, 3.6285, 3.5985, 3.624];3.6285;5;3.57;1;3.597938;28.7835;wwww__d_;True;True;0;0;1;1;1;1
solar_pv_005;1;1;0;0;0;0;0.383824;0.000653;0.00025;30.40768;2000-01-01T00:37:41;[3.579, 3.57, 3.579, 3.579, 3.627, 3.6285, 3.6, 3.624];3.6285;5;3.57;1;3.598313;28.7865;wwwwdd_d;True;True;0;0;1;1;1;1
solar_pv_005;1;1;0;0;0;0;0.386765;0.000658;0.000254;30.40768;2000-01-01T00:37:47;[3.579, 3.57, 3.579, 3.579, 3.615, 3.6105, 3.6495, 3.603];3.6495;6;3.57;1;3.598125;28.785;wwwwdd_d;True;True;0;0;1;1;1;1
solar_pv_005;1;1;0;0;0;0;0.391176;0.000665;0.00026;30.43078;2000-01-01T00:37:54;[3.5775, 3.57, 3.579, 3.579, 3.6165, 3.6105, 3.6495, 3.603];3.6495;6;3.57;1;3.598125;28.785;wwww__d_;True;True;0;0;1;1;1;1
solar_pv_005;1;1;0;0;0;0;0.385294;0.000655;0.000252;30.56957;2000-01-01T00:38:00;[3.579, 3.5715, 3.5805, 3.579, 3.6285, 3.63, 3.6, 3.6255];3.63;5;3.5715;1;3.59925;28.794;wwww__d_;True;True;0;0;1;1;1;1
solar_pv_005;1;1;0;0;0;0;0.382353;0.00065;0.000249;30.63903;2000-01-01T00:38:06;[3.579, 3.5715, 3.5805, 3.579, 3.618, 3.612, 3.6495, 3.603];3.6495;6;3.5715;1;3.599062;28.7925;wwwwdd_d;True;True;0;0;1;1;1;1
solar_pv_005;1;1;0;0;0;0;0.382353;0.00065;0.000249;30.63903;2000-01-01T00:38:12;[3.579, 3.5715, 3.5805, 3.5805, 3.618, 3.612, 3.651, 3.6045];3.651;6;3.5715;1;3.599625;28.797;wwww__d_;True;True;0;0;1;1;1;1
solar_pv_005;1;1;0;0;0;0;0.392647;0.000668;0.000262;30.61587;2000-01-01T00:38:18;[3.579, 3.5715, 3.579, 3.579, 3.6285, 3.6315, 3.6015, 3.627];3.6315;5;3.5715;1;3.599625;28.797;wwww__d_;True;True;0;0;1;1;1;1
solar_pv_005;1;1;0;0;0;0;0.394118;0.00067;0.000264;30.77816;2000-01-01T00:38:25;[3.5805, 3.5715, 3.5805, 3.5805, 3.6285, 3.63, 3.6, 3.6255];3.63;5;3.5715;1;3.599625;28.797;wwwwddwd;True;True;0;0;1;1;1;1
solar_pv_005;1;1;0;0;0;0;0.383824;0.000653;0.00025;30.70855;2000-01-01T00:38:31;[3.5805, 3.573, 3.5805, 3.5805, 3.618, 3.612, 3.651, 3.6045];3.651;6;3.573;1;3.6;28.8;wwwwddwd;True;True;0;0;1;1;1;1
solar_pv_005;1;1;0;0;0;0;0.380882;0.000647;0.000247;30.63903;2000-01-01T00:38:37;[3.5805, 3.573, 3.5805, 3.5805, 3.627, 3.6315, 3.6, 3.627];3.6315;5;3.573;1;3.6;28.8;wwww__d_;True;True;0;0;1;1;1;1
solar_pv_005;1;1;0;0;0;0;0.382353;0.00065;0.000249;30.54641;2000-01-01T00:38:43;[3.5805, 3.573, 3.5805, 3.5805, 3.63, 3.6315, 3.6015, 3.627];3.6315;5;3.573;1;3.600563;28.8045;wwwwdd_d;True;True;0;0;1;1;1;1
solar_pv_005;1;1;0;0;0;0;0.392647;0.000668;0.000262;30.56957;2000-01-01T00:38:49;[3.5805, 3.573, 3.582, 3.5805, 3.6195, 3.6135, 3.651, 3.6045];3.651;6;3.573;1;3.600563;28.8045;wwwwdd_d;True;True;0;0;1;1;1;1
solar_pv_005;1;1;0;0;0;0;0.394118;0.00067;0.000264;30.56957;2000-01-01T00:38:55;[3.5805, 3.573, 3.582, 3.582, 3.6195, 3.6135, 3.651, 3.6045];3.651;6;3.573;1;3.60075;28.806;wwww__d_;True;True;0;0;1;1;1;1
solar_pv_005;1;1;0;0;0;0;0.395588;0.000672;0.000266;30.63903;2000-01-01T00:39:02;[3.582, 3.573, 3.582, 3.582, 3.63, 3.6315, 3.6015, 3.627];3.6315;5;3.573;1;3.601125;28.809;wwww__d_;True;True;0;0;1;1;1;1
solar_pv_005;1;1;0;0;0;0;0.382353;0.00065;0.000249;30.73178;2000-01-01T00:39:08;[3.582, 3.573, 3.5805, 3.5805, 3.618, 3.6135, 3.651, 3.606];3.651;6;3.573;1;3.600562;28.8045;wwwwdd_d;True;True;0;0;1;1;1;1
solar_pv_005;1;1;0;0;0;0;0.382353;0.00065;0.000249;30.77816;2000-01-01T00:39:14;[3.582, 3.573, 3.582, 3.582, 3.6195, 3.6135, 3.6525, 3.606];3.6525;6;3.573;1;3.601313;28.8105;wwww__d_;True;True;0;0;1;1;1;1
solar_pv_005;1;1;0;0;0;0;0.391176;0.000665;0.00026;30.56957;2000-01-01T00:39:20;[3.5805, 3.5745, 3.582, 3.582, 3.6315, 3.633, 3.6015, 3.627];3.633;5;3.5745;1;3.6015;28.812;wwww__d_;True;True;0;0;1;1;1;1
solar_pv_005;1;1;0;0;0;0;0.392647;0.000668;0.000262;30.80139;2000-01-01T00:39:26;[3.582, 3.5745, 3.5835, 3.582, 3.6315, 3.633, 3.603, 3.6285];3.633;5;3.5745;1;3.60225;28.818;wwwwdd_d;True;True;0;0;1;1;1;1
solar_pv_005;1;1;0;0;0;0;0.392647;0.000668;0.000262;30.77816;2000-01-01T00:39:32;[3.582, 3.5745, 3.582, 3.582, 3.618, 3.6135, 3.651, 3.606];3.651;6;3.5745;1;3.601125;28.809;wwwwdd_d;True;True;0;0;1;1;1;1
solar_pv_005;1;1;0;0;0;0;0.388235;0.00066;0.000256;30.91751;2000-01-01T00:39:39;[3.5835, 3.5745, 3.5835, 3.582, 3.63, 3.633, 3.6015, 3.6285];3.633;5;3.5745;1;3.602062;28.8165;wwww__d_;True;True;0;0;1;1;1;1
solar_pv_005;1;1;0;0;0;0;0.388235;0.00066;0.000256;30.82458;2000-01-01T00:39:45;[3.582, 3.5745, 3.5835, 3.582, 3.63, 3.633, 3.603, 3.6285];3.633;5;3.5745;1;3.602062;28.8165;wwwwdd_d;True;True;0;0;1;1;1;1
solar_pv_005;1;1;0;0;0;0;0.391176;0.000665;0.00026;30.8478;2000-01-01T00:39:51;[3.5835, 3.576, 3.5835, 3.5835, 3.6195, 3.6135, 3.6525, 3.606];3.6525;6;3.576;1;3.60225;28.818;wwwwdd_d;True;True;0;0;1;1;1;1
solar_pv_005;1;1;0;0;0;0;0.379412;0.000645;0.000245;30.94076;2000-01-01T00:39:57;[3.5835, 3.576, 3.5835, 3.5835, 3.6195, 3.6135, 3.6525, 3.606];3.6525;6;3.576;1;3.60225;28.818;wwww__d_;True;True;0;0;1;1;1;1
solar_pv_005;1;1;0;0;0;0;0.379412;0.000645;0.000245;30.82458;2000-01-01T00:40:03;[3.5835, 3.576, 3.5835, 3.5835, 3.633, 3.6345, 3.603, 3.63];3.6345;5;3.576;1;3.603375;28.827;wwww__d_;True;True;0;0;1;1;1;1
solar_pv_005;1;1;0;0;0;0;0.392647;0.000668;0.000262;31.03384;2000-01-01T00:40:09;[3.5835, 3.5745, 3.5835, 3.5835, 3.6195, 3.615, 3.6525, 3.6075];3.6525;6;3.5745;1;3.602437;28.8195;wwwwddwd;True;True;0;0;1;1;1;1
solar_pv_005;1;1;0;0;0;0;0.386765;0.000658;0.000254;30.8478;2000-01-01T00:40:16;[3.5835, 3.576, 3.585, 3.585, 3.621, 3.615, 3.6525, 3.6075];3.6525;6;3.576;1;3.603188;28.8255;wwww__d_;True;True;0;0;1;1;1;1
solar_pv_005;1;1;0;0;0;0;0.380882;0.000647;0.000247;31.01055;2000-01-01T00:40:22;[3.5835, 3.576, 3.5835, 3.5835, 3.6315, 3.6345, 3.6045, 3.63];3.6345;5;3.576;1;3.603375;28.827;wwww__d_;True;True;0;0;1;1;1;1
solar_pv_005;1;1;0;0;0;0;0.394118;0.00067;0.000264;30.91751;2000-01-01T00:40:28;[3.585, 3.576, 3.5835, 3.585, 3.6315, 3.6345, 3.603, 3.63];3.6345;5;3.576;1;3.603563;28.8285;wwwwdd_d;True;True;0;0;1;1;1;1
solar_pv_005;1;1;0;0;0;0;0.386765;0.000658;0.000254;30.94076;2000-01-01T00:40:34;[3.585, 3.5775, 3.585, 3.585, 3.621, 3.615, 3.654, 3.609];3.654;6;3.5775;1;3.603937;28.8315;wwwwdd_d;True;True;0;0;1;1;1;1
solar_pv_005;1;1;0;0;0;0;0.380882;0.000647;0.000247;31.15032;2000-01-01T00:40:40;[3.585, 3.576, 3.585, 3.585, 3.633, 3.6345, 3.6045, 3.63];3.6345;5;3.576;1;3.604125;28.833;wwww__d_;True;True;0;0;1;1;1;1
solar_pv_005;1;1;0;0;0;0;0.394118;0.00067;0.000264;31.03384;2000-01-01T00:40:47;[3.585, 3.5775, 3.585, 3.5865, 3.6345, 3.636, 3.6045, 3.6315];3.636;5;3.5775;1;3.605062;28.8405;wwwwddwd;True;True;0;0;1;1;1;1
solar_pv_005;1;1;0;0;0;0;0.389706;0.000662;0.000258;30.91751;2000-01-01T00:40:53;[3.585, 3.5775, 3.585, 3.585, 3.621, 3.6165, 3.654, 3.609];3.654;6;3.5775;1;3.604125;28.833;wwwwddwd;True;True;0;0;1;1;1;1
solar_pv_005;1;1;0;0;0;0;0.395588;0.000672;0.000266;31.10369;2000-01-01T00:40:59;[3.5865, 3.5775, 3.585, 3.5865, 3.624, 3.6165, 3.6555, 3.609];3.6555;6;3.5775;1;3.605062;28.8405;wwww__d_;True;True;0;0;1;1;1;1
solar_pv_005;1;1;0;0;0;0;0.397059;0.000675;0.000268;30.89428;2000-01-01T00:41:05;[3.5865, 3.5775, 3.585, 3.5865, 3.633, 3.636, 3.6045, 3.6315];3.636;5;3.5775;1;3.605062;28.8405;wwww__d_;True;True;0;0;1;1;1;1
solar_pv_005;1;1;0;0;0;0;0.395588;0.000672;0.000266;31.12701;2000-01-01T00:41:11;[3.5865, 3.5775, 3.585, 3.5865, 3.624, 3.6165, 3.6555, 3.609];3.6555;6;3.5775;1;3.605062;28.8405;wwwwddwd;True;True;0;0;1;1;1;1
solar_pv_005;1;1;0;0;0;0;0.385294;0.000655;0.000252;30.80139;2000-01-01T00:41:17;[3.585, 3.5775, 3.5865, 3.5865, 3.6225, 3.6165, 3.6555, 3.6105];3.6555;6;3.5775;1;3.605063;28.8405;wwww__d_;True;True;0;0;1;1;1;1
solar_pv_005;1;1;0;0;0;0;0.386765;0.000658;0.000254;31.12701;2000-01-01T00:41:24;[3.5865, 3.579, 3.5865, 3.5865, 3.633, 3.636, 3.6045, 3.6315];3.636;5;3.579;1;3.605438;28.8435;wwww__d_;True;True;0;0;1;1;1;1
solar_pv_005;1;1;0;0;0;0;0.388235;0.00066;0.000256;30.9873;2000-01-01T00:41:30;[3.5865, 3.579, 3.5865, 3.5865, 3.633, 3.636, 3.6045, 3.6315];3.636;5;3.579;1;3.605438;28.8435;wwwwdd_d;True;True;0;0;1;1;1;1
solar_pv_005;1;1;0;0;0;0;0.383824;0.000653;0.00025;30.9873;2000-01-01T00:41:36;[3.5865, 3.5805, 3.588, 3.588, 3.624, 3.618, 3.6555, 3.609];3.6555;6;3.5805;1;3.606188;28.8495;wwwwdd_d;True;True;0;0;1;1;1;1
solar_pv_005;1;1;0;0;0;0;0.383824;0.000653;0.00025;30.89428;2000-01-01T00:41:42;[3.5865, 3.579, 3.5865, 3.5865, 3.6345, 3.6375, 3.606, 3.633];3.6375;5;3.579;1;3.606187;28.8495;wwww__d_;True;True;0;0;1;1;1;1
solar_pv_005;1;1;0;0;0;0;0.395588;0.000672;0.000266;30.89428;2000-01-01T00:41:48;[3.5865, 3.579, 3.588, 3.588, 3.6345, 3.6375, 3.606, 3.633];3.6375;5;3.579;1;3.606563;28.8525;wwwwddwd;True;True;0;0;1;1;1;1
solar_pv_005;1;1;0;0;0;0;0.397059;0.000675;0.000268;31.03384;2000-01-01T00:41:54;[3.5865, 3.5805, 3.588, 3.588, 3.624, 3.618, 3.6555, 3.6105];3.6555;6;3.5805;1;3.606375;28.851;wwwwddwd;True;True;0;0;1;1;1;1
solar_pv_005;1;1;0;0;0;0;0.397059;0.000675;0.000268;31.08041;2000-01-01T00:42:01;[3.588, 3.5805, 3.588, 3.5865, 3.6225, 3.618, 3.657, 3.6105];3.657;6;3.5805;1;3.606375;28.851;wwww__d_;True;True;0;0;1;1;1;1
solar_pv_005;1;1;0;0;0;0;0.385294;0.000655;0.000252;31.15032;2000-01-01T00:42:07;[3.588, 3.5805, 3.588, 3.588, 3.636, 3.6375, 3.606, 3.633];3.6375;5;3.5805;1;3.607125;28.857;wwww__d_;True;True;0;0;1;1;1;1
solar_pv_005;1;1;0;0;0;0;2.09853;0.003568;0.007487;30.9873;2000-01-01T00:42:13;[3.5865, 3.579, 3.585, 3.585, 3.6165, 3.6165, 3.6555, 3.6105];3.6555;6;3.579;1;3.604313;28.8345;wwwwdd_d;True;True;0;0;1;1;1;1
solar_pv_005;1;1;0;0;0;0;1.732353;0.002945;0.005102;31.01055;2000-01-01T00:42:19;[3.588, 3.579, 3.5865, 3.5865, 3.6195, 3.618, 3.6555, 3.6105];3.6555;6;3.579;1;3.605438;28.8435;wwww__d_;True;True;0;0;1;1;1;1
solar_pv_005;1;1;0;0;0;0;1.555882;0.002645;0.004115;30.89428;2000-01-01T00:42:25;[3.5865, 3.5805, 3.5865, 3.588, 3.6375, 3.6375, 3.6075, 3.633];3.6375;4;3.5805;1;3.607125;28.857;wwww__d_;True;True;0;0;1;1;1;1
solar_pv_005;1;1;0;0;0;0;1.510294;0.002568;0.003878;30.91751;2000-01-01T00:42:32;[3.5865, 3.579, 3.5865, 3.5865, 3.6345, 3.6375, 3.6075, 3.6345];3.6375;5;3.579;1;3.606563;28.8525;wwwwdd_d;True;True;0;0;1;1;1;1
solar_pv_005;1;1;0;0;0;0;1.464706;0.00249;0.003647;30.8478;2000-01-01T00:42:38;[3.5865, 3.5805, 3.588, 3.588, 3.6255, 3.6195, 3.657, 3.6105];3.657;6;3.5805;1;3.606937;28.8555;wwwwdd_d;True;True;0;0;1;1;1;1
solar_pv_005;1;1;0;0;0;0;1.464706;0.00249;0.003647;30.89428;2000-01-01T00:42:44;[3.588, 3.5805, 3.588, 3.588, 3.6375, 3.639, 3.6075, 3.6345];3.639;5;3.5805;1;3.607875;28.863;wwww__d_;True;True;0;0;1;1;1;1
solar_pv_005;1;1;0;0;0;0;1.475;0.002507;0.003699;30.91751;2000-01-01T00:42:50;[3.5865, 3.5805, 3.588, 3.5895, 3.6375, 3.639, 3.6075, 3.633];3.639;5;3.5805;1;3.607687;28.8615;wwwwddwd;True;True;0;0;1;1;1;1
solar_pv_005;1;1;0;0;0;0;1.485294;0.002525;0.00375;30.91751;2000-01-01T00:42:56;[3.588, 3.5805, 3.588, 3.588, 3.624, 3.6195, 3.6585, 3.612];3.6585;6;3.5805;1;3.607312;28.8585;wwwwddwd;True;True;0;0;1;1;1;1
solar_pv_005;1;0;0;0;0;0;-0.002941;-5e-06;1.470588e-08;30.8478;2000-01-01T00:43:02;[3.5895, 3.582, 3.5895, 3.5895, 3.627, 3.6195, 3.657, 3.612];3.657;6;3.582;1;3.60825;28.866;wwww__d_;True;False;0;0;1;1;1;1
solar_pv_005;1;0;0;0;0;0;-0.001471;-2.5e-06;3.67647e-09;30.89428;2000-01-01T00:43:09;[3.5895, 3.582, 3.5895, 3.5895, 3.6375, 3.639, 3.6075, 3.636];3.639;5;3.582;1;3.608813;28.8705;wwww__d_;True;False;0;0;1;1;1;1
solar_pv_005;1;1;0;0;0;0;0.055882;9.5e-05;5.308824e-06;30.94076;2000-01-01T00:43:15;[3.5895, 3.582, 3.5895, 3.5895, 3.627, 3.621, 3.6585, 3.6135];3.6585;6;3.582;1;3.608813;28.8705;wwwwddwd;True;True;0;0;1;1;1;1
solar_pv_005;1;1;0;0;0;0;1.611765;0.00274;0.004416;31.01055;2000-01-01T00:43:21;[3.5895, 3.582, 3.5895, 3.5895, 3.627, 3.6195, 3.657, 3.612];3.657;6;3.582;1;3.60825;28.866;wwww__d_;True;True;0;0;1;1;1;1
solar_pv_005;1;1;0;0;0;0;1.444118;0.002455;0.003545;30.8478;2000-01-01T00:43:27;[3.588, 3.582, 3.5895, 3.588, 3.6375, 3.6405, 3.609, 3.6345];3.6405;5;3.582;1;3.608625;28.869;wwww__d_;True;True;0;0;1;1;1;1
solar_pv_005;1;1;0;0;0;0;1.425;0.002422;0.003452;30.94076;2000-01-01T00:43:33;[3.5895, 3.5835, 3.5895, 3.5895, 3.636, 3.639, 3.6075, 3.6345];3.639;5;3.5835;1;3.608625;28.869;wwwwddwd;True;True;0;0;1;1;1;1
solar_pv_005;1;1;0;0;0;0;1.375;0.002337;0.003214;30.89428;2000-01-01T00:43:40;[3.5895, 3.5835, 3.5895, 3.5895, 3.6255, 3.6195, 3.657, 3.612];3.657;6;3.5835;1;3.60825;28.866;wwwwddwd;True;True;0;0;1;1;1;1
solar_pv_005;1;1;0;0;0;0;1.344118;0.002285;0.003071;30.8478;2000-01-01T00:43:46;[3.5895, 3.582, 3.5895, 3.588, 3.636, 3.639, 3.609, 3.636];3.639;5;3.582;1;3.608625;28.869;wwww__d_;True;True;0;0;1;1;1;1
solar_pv_005;1;1;0;0;0;0;1.35;0.002295;0.003098;30.75497;2000-01-01T00:43:52;[3.5895, 3.5835, 3.5895, 3.5895, 3.6345, 3.639, 3.609, 3.636];3.639;5;3.5835;1;3.608812;28.8705;wwwwdd_d;True;True;0;0;1;1;1;1
solar_pv_005;1;1;0;0;0;0;1.322059;0.002248;0.002971;30.8478;2000-01-01T00:43:58;[3.5895, 3.5835, 3.5895, 3.5895, 3.624, 3.6195, 3.6585, 3.6135];3.6585;6;3.5835;1;3.608438;28.8675;wwwwdd_d;True;True;0;0;1;1;1;1
solar_pv_005;1;1;0;0;0;0;1.294118;0.0022;0.002847;30.91751;2000-01-01T00:44:04;[3.5895, 3.5835, 3.5895, 3.5895, 3.6285, 3.621, 3.6585, 3.615];3.6585;6;3.5835;1;3.609375;28.875;wwww__d_;True;True;0;0;1;1;1;1
solar_pv_005;1;1;0;0;0;0;1.307353;0.002223;0.002906;30.94076;2000-01-01T00:44:10;[3.5895, 3.5835, 3.591, 3.591, 3.639, 3.639, 3.609, 3.636];3.639;4;3.5835;1;3.60975;28.878;wwww__d_;True;True;0;0;1;1;1;1
solar_pv_005;1;1;0;0;0;0;1.276471;0.00217;0.00277;30.8478;2000-01-01T00:44:17;[3.591, 3.5835, 3.5895, 3.5895, 3.6255, 3.621, 3.66, 3.615];3.66;6;3.5835;1;3.609375;28.875;wwwwddwd;True;True;0;0;1;1;1;1
solar_pv_005;1;1;0;0;0;0;1.289706;0.002193;0.002828;31.01055;2000-01-01T00:44:23;[3.5895, 3.5835, 3.591, 3.5895, 3.624, 3.6195, 3.6585, 3.6135];3.6585;6;3.5835;1;3.608625;28.869;wwww__d_;True;True;0;0;1;1;1;1
solar_pv_005;1;1;0;0;0;0;1.261765;0.002145;0.002706;31.01055;2000-01-01T00:44:29;[3.591, 3.5835, 3.5895, 3.5895, 3.6375, 3.6405, 3.6105, 3.6375];3.6405;5;3.5835;1;3.609938;28.8795;wwww__d_;True;True;0;0;1;1;1;1
solar_pv_005;1;1;0;0;0;0;1.233824;0.002098;0.002588;31.12701;2000-01-01T00:44:35;[3.591, 3.5835, 3.591, 3.5895, 3.636, 3.6405, 3.609, 3.636];3.6405;5;3.5835;1;3.609562;28.8765;wwwwddwd;True;True;0;0;1;1;1;1
solar_pv_005;1;1;0;0;0;0;1.248529;0.002122;0.00265;31.12701;2000-01-01T00:44:41;[3.5895, 3.585, 3.591, 3.591, 3.6285, 3.621, 3.6615, 3.615];3.6615;6;3.585;1;3.610313;28.8825;wwwwddwd;True;True;0;0;1;1;1;1
solar_pv_005;1;1;0;0;0;0;1.225;0.002082;0.002551;30.89428;2000-01-01T00:44:47;[3.591, 3.5835, 3.591, 3.591, 3.6405, 3.6405, 3.6105, 3.6375];3.6405;4;3.5835;1;3.610688;28.8855;wwww__d_;True;True;0;0;1;1;1;1
solar_pv_005;1;1;0;0;0;0;1.2;0.00204;0.002448;31.10369;2000-01-01T00:44:54;[3.591, 3.585, 3.591, 3.591, 3.6375, 3.6405, 3.6105, 3.6375];3.6405;5;3.585;1;3.6105;28.884;wwwwdd_d;True;True;0;0;1;1;1;1
solar_pv_005;1;1;0;0;0;0;1.217647;0.00207;0.002521;31.10369;2000-01-01T00:45:00;[3.591, 3.585, 3.591, 3.591, 3.627, 3.6225, 3.6615, 3.6165];3.6615;6;3.585;1;3.610688;28.8855;wwwwdd_d;True;True;0;0;1;1;1;1
solar_pv_005;1;1;0;0;0;0;0.430882;0.000732;0.000316;31.03384;2000-01-01T00:45:06;[3.5925, 3.5865, 3.5925, 3.5925, 3.6285, 3.621, 3.6615, 3.6165];3.6615;6;3.5865;1;3.611438;28.8915;wwww__d_;True;True;0;0;1;1;1;1
solar_pv_005;1;1;0;0;0;0;0.430882;0.000732;0.000316;31.01055;2000-01-01T00:45:12;[3.591, 3.5865, 3.5925, 3.5925, 3.642, 3.642, 3.612, 3.639];3.642;4;3.5865;1;3.612187;28.8975;wwww__d_;True;True;0;0;1;1;1;1
solar_pv_005;1;1;0;0;0;0;0.435294;0.00074;0.000322;31.15032;2000-01-01T00:45:18;[3.5925, 3.5865, 3.5925, 3.5925, 3.63, 3.6225, 3.6615, 3.6165];3.6615;6;3.5865;1;3.611813;28.8945;wwwwddwd;True;True;0;0;1;1;1;1
solar_pv_005;1;1;0;0;0;0;30.74412;0.052265;1.606841;30.77816;2000-01-01T00:45:25;[3.5475, 3.5565, 3.5925, 3.5925, 3.6315, 3.6225, 3.6615, 3.6165];3.6615;6;3.5475;0;3.602625;28.821;wwww__d_;True;True;0;0;1;1;1;1
solar_pv_005;1;0;0;0;0;0;-0.002941;-5e-06;1.470588e-08;31.12701;2000-01-01T00:45:31;[3.591, 3.585, 3.591, 3.591, 3.642, 3.6405, 3.6105, 3.6375];3.642;4;3.585;1;3.611063;28.8885;wwww__d_;True;False;0;0;1;1;1;-1
solar_pv_005;1;0;0;0;0;0;-0.001471;-2.5e-06;3.67647e-09;31.15032;2000-01-01T00:45:37;[3.5925, 3.5865, 3.5925, 3.591, 3.642, 3.642, 3.612, 3.639];3.642;4;3.5865;1;3.612187;28.8975;wwwwdd_d;True;False;0;0;1;1;1;-1
solar_pv_005;1;0;0;0;0;0;-0.002941;-5e-06;1.470588e-08;31.12701;2000-01-01T00:45:43;[3.5925, 3.5865, 3.5925, 3.5925, 3.6315, 3.6225, 3.663, 3.6165];3.663;6;3.5865;1;3.612187;28.8975;wwwwdd_d;True;False;0;0;1;1;1;-1
solar_pv_005;1;0;0;0;0;0;-0.002941;-5e-06;1.470588e-08;31.15032;2000-01-01T00:45:49;[3.5925, 3.5865, 3.5925, 3.5925, 3.642, 3.642, 3.612, 3.6405];3.642;4;3.5865;1;3.612562;28.9005;wwww__d_;True;False;0;0;1;1;1;-1
solar_pv_005;1;0;0;0;0;0;-0.002941;-5e-06;1.470588e-08;31.22027;2000-01-01T00:45:56;[3.5925, 3.588, 3.5925, 3.5925, 3.6435, 3.642, 3.612, 3.6405];3.6435;4;3.588;1;3.612937;28.9035;wwwwddwd;True;False;0;0;1;1;1;-1
solar_pv_005;1;0;0;0;0;0;-0.002941;-5e-06;1.470588e-08;31.26696;2000-01-01T00:46:02;[3.5925, 3.588, 3.5925, 3.594, 3.6315, 3.6225, 3.663, 3.618];3.663;6;3.588;1;3.61275;28.902;wwwwddwd;True;False;0;0;1;1;1;-1
solar_pv_005;1;0;0;0;0;0;-0.002941;-5e-06;1.470588e-08;31.38375;2000-01-01T00:46:08;[3.5925, 3.588, 3.594, 3.5925, 3.633, 3.6225, 3.663, 3.618];3.663;6;3.588;1;3.612937;28.9035;wwww__d_;True;False;0;0;1;1;1;-1
solar_pv_005;1;0;0;0;0;0;-0.002941;-5e-06;1.470588e-08;31.47735;2000-01-01T00:46:14;[3.594, 3.588, 3.594, 3.594, 3.6435, 3.6435, 3.6135, 3.6405];3.6435;4;3.588;1;3.613875;28.911;wwww__d_;True;False;0;0;1;1;1;-1
solar_pv_005;1;0;0;0;0;0;-0.001471;-2.5e-06;3.67647e-09;31.45394;2000-01-01T00:46:20;[3.594, 3.588, 3.5925, 3.594, 3.633, 3.624, 3.6645, 3.6195];3.6645;6;3.588;1;3.613687;28.9095;wwwwddwd;True;False;0;0;1;1;1;-1
solar_pv_005;1;0;0;0;0;0;-0.001471;-2.5e-06;3.67647e-09;31.38375;2000-01-01T00:46:27;[3.594, 3.588, 3.594, 3.594, 3.633, 3.624, 3.6645, 3.618];3.6645;6;3.588;1;3.613688;28.9095;wwww__d_;True;False;0;0;1;1;1;-1
solar_pv_005;1;0;0;0;0;0;-0.001471;-2.5e-06;3.67647e-09;31.40716;2000-01-01T00:46:33;[3.594, 3.5895, 3.594, 3.594, 3.645, 3.6435, 3.6135, 3.642];3.645;4;3.5895;1;3.614438;28.9155;wwww__d_;True;False;0;0;1;1;1;-1
solar_pv_005;1;0;0;0;0;0;-0.001471;-2.5e-06;3.67647e-09;31.38375;2000-01-01T00:46:39;[3.594, 3.5895, 3.594, 3.594, 3.645, 3.6435, 3.615, 3.642];3.645;4;3.5895;1;3.614625;28.917;wwwwdd_d;True;False;0;0;1;1;1;-1
solar_pv_005;1;0;0;0;0;0;-0.001471;-2.5e-06;3.67647e-09;31.45394;2000-01-01T00:46:45;[3.594, 3.588, 3.5955, 3.5955, 3.6345, 3.624, 3.6645, 3.6195];3.6645;6;3.588;1;3.614437;28.9155;wwwwdd_d;True;False;0;0;1;1;1;-1
solar_pv_005;1;0;0;0;0;0;-0.001471;-2.5e-06;3.67647e-09;31.43054;2000-01-01T00:46:51;[3.594, 3.5895, 3.5955, 3.5955, 3.645, 3.6435, 3.615, 3.642];3.645;4;3.5895;1;3.615;28.92;wwww__d_;True;False;0;0;1;1;1;-1
solar_pv_005;1;0;0;0;0;0;-0.001471;-2.5e-06;3.67647e-09;31.45394;2000-01-01T00:46:58;[3.5955, 3.5895, 3.594, 3.5955, 3.6465, 3.6435, 3.615, 3.642];3.6465;4;3.5895;1;3.615187;28.9215;wwwwdd_d;True;False;0;0;1;1;1;-1
solar_pv_005;1;0;0;0;0;0;-0.001471;-2.5e-06;3.67647e-09;31.50073;2000-01-01T00:47:04;[3.5955, 3.5895, 3.5955, 3.594, 3.633, 3.624, 3.666, 3.6195];3.666;6;3.5895;1;3.614625;28.917;wwwwdd_d;True;False;0;0;1;1;1;-1
solar_pv_005;1;0;0;0;0;0;-0.001471;-2.5e-06;3.67647e-09;31.45394;2000-01-01T00:47:10;[3.594, 3.5895, 3.5955, 3.594, 3.6345, 3.6255, 3.666, 3.6195];3.666;6;3.5895;1;3.614812;28.9185;wwww__d_;True;False;0;0;1;1;1;-1
solar_pv_005;1;1;0;0;0;0;-0.012931;-7.5e-06;9.698275e-08;30.8478;2000-01-01T00:00:25;[3.597, 3.594, 3.5985, 3.5985, 3.648, 3.645, 3.633, 3.6345];3.648;4;3.594;1;3.618563;28.9485;wwww____;True;True;0;0;1;1;1;1
solar_pv_005;1;1;0;0;0;0;0.193966;0.000112;2.2e-05;30.8478;2000-01-01T00:00:31;[3.5985, 3.594, 3.5985, 3.5985, 3.648, 3.645, 3.633, 3.636];3.648;4;3.594;1;3.618937;28.9515;wwww____;True;True;0;0;1;1;1;1
solar_pv_005;1;1;0;0;0;0;0.193966;0.000112;2.2e-05;30.91751;2000-01-01T00:00:37;[3.5985, 3.594, 3.5985, 3.5985, 3.6495, 3.645, 3.633, 3.636];3.6495;4;3.594;1;3.619125;28.953;wwww____;True;True;0;0;1;1;1;1
solar_pv_005;1;1;0;0;0;0;0.181034;0.000105;1.9e-05;30.8478;2000-01-01T00:00:43;[3.5985, 3.5955, 3.6, 3.5985, 3.6495, 3.6465, 3.633, 3.636];3.6495;4;3.5955;1;3.619687;28.9575;wwww____;True;True;0;0;1;1;1;1
solar_pv_005;1;1;0;0;0;0;1.965517;0.00114;0.002241;30.94076;2000-01-01T00:00:49;[3.6, 3.5955, 3.6, 3.6, 3.6495, 3.6465, 3.633, 3.636];3.6495;4;3.5955;1;3.620062;28.9605;wwww____;True;True;0;0;1;1;1;1
solar_pv_005;1;1;0;0;0;0;1.99569;0.001157;0.00231;30.91751;2000-01-01T00:00:55;[3.6, 3.594, 3.6, 3.6, 3.6495, 3.6465, 3.6345, 3.636];3.6495;4;3.594;1;3.620063;28.9605;wwww____;True;True;0;0;1;1;1;1
solar_pv_005;1;1;0;0;0;0;2.034483;0.00118;0.002401;30.82458;2000-01-01T00:01:02;[3.6, 3.5955, 3.6, 3.6, 3.648, 3.6465, 3.6345, 3.6375];3.648;4;3.5955;1;3.62025;28.962;wwww____;True;True;0;0;1;1;1;1
solar_pv_005;1;1;0;0;0;0;2.017241;0.00117;0.00236;30.89428;2000-01-01T00:01:08;[3.6, 3.5955, 3.6, 3.6, 3.6495, 3.6465, 3.6345, 3.6375];3.6495;4;3.5955;1;3.620438;28.9635;wwww____;True;True;0;0;1;1;1;1
solar_pv_005;1;1;0;0;0;0;2.077586;0.001205;0.002503;30.91751;2000-01-01T00:01:14;[3.6, 3.5955, 3.6, 3.6, 3.6495, 3.648, 3.6345, 3.6375];3.6495;4;3.5955;1;3.620625;28.965;wwww____;True;True;0;0;1;1;1;1
solar_pv_005;1;1;0;0;0;0;2.094828;0.001215;0.002545;30.9873;2000-01-01T00:01:20;[3.6, 3.5955, 3.6015, 3.6, 3.6495, 3.6465, 3.6345, 3.6375];3.6495;4;3.5955;1;3.620625;28.965;wwww____;True;True;0;0;1;1;1;1
solar_pv_005;1;1;0;0;0;0;2.099138;0.001217;0.002556;30.80139;2000-01-01T00:01:26;[3.6, 3.5955, 3.6, 3.6, 3.651, 3.648, 3.636, 3.6375];3.651;4;3.5955;1;3.621;28.968;wwww____;True;True;0;0;1;1;1;1
solar_pv_005;1;1;0;0;0;0;2.038793;0.001183;0.002411;31.08041;2000-01-01T00:01:33;[3.6, 3.597, 3.6015, 3.6015, 3.651, 3.648, 3.636, 3.6375];3.651;4;3.597;1;3.621562;28.9725;wwww____;True;True;0;0;1;1;1;1
solar_pv_005;1;1;0;0;0;0;2.038793;0.001183;0.002411;30.80139;2000-01-01T00:01:39;[3.6015, 3.5955, 3.6015, 3.6015, 3.6525, 3.6495, 3.636, 3.639];3.6525;4;3.5955;1;3.622125;28.977;wwww____;True;True;0;0;1;1;1;1
solar_pv_005;1;1;0;0;0;0;2.047414;0.001187;0.002431;31.12701;2000-01-01T00:01:45;[3.6015, 3.5955, 3.6, 3.6, 3.6495, 3.6495, 3.636, 3.6375];3.6495;4;3.5955;1;3.621187;28.9695;wwww____;True;True;0;0;1;1;1;1
solar_pv_005;1;1;0;0;0;0;-0.00431;-2.5e-06;1.077586e-08;30.9873;2000-01-01T00:01:51;[3.6, 3.597, 3.6015, 3.6015, 3.651, 3.6495, 3.636, 3.639];3.651;4;3.597;1;3.621937;28.9755;wwww____;True;True;0;0;1;1;1;1
solar_pv_005;1;1;0;0;0;0;0.090517;5.2e-05;4.752155e-06;31.15032;2000-01-01T00:01:57;[3.6015, 3.597, 3.6015, 3.6015, 3.6525, 3.6495, 3.636, 3.639];3.6525;4;3.597;1;3.622312;28.9785;wwww____;True;True;0;0;1;1;1;1
solar_pv_005;1;1;0;0;0;0;2.086207;0.00121;0.002524;31.15032;2000-01-01T00:02:03;[3.6015, 3.5955, 3.6015, 3.6015, 3.6495, 3.648, 3.636, 3.639];3.6495;4;3.5955;1;3.621562;28.9725;wwww____;True;True;0;0;1;1;1;1
solar_pv_005;1;1;0;0;0;0;2.103448;0.00122;0.002566;31.03384;2000-01-01T00:02:10;[3.6, 3.597, 3.6015, 3.6015, 3.6525, 3.6495, 3.6375, 3.639];3.6525;4;3.597;1;3.622313;28.9785;wwww____;True;True;0;0;1;1;1;1
solar_pv_005;1;1;0;0;0;0;2.112069;0.001225;0.002587;31.10369;2000-01-01T00:02:16;[3.6015, 3.597, 3.6015, 3.6015, 3.651, 3.6495, 3.636, 3.639];3.651;4;3.597;1;3.622125;28.977;wwww____;True;True;0;0;1;1;1;1
solar_pv_005;1;1;0;0;0;0;2.12069;0.00123;0.002608;31.03384;2000-01-01T00:02:22;[3.6015, 3.597, 3.603, 3.6015, 3.6525, 3.6495, 3.6375, 3.639];3.6525;4;3.597;1;3.622688;28.9815;wwww____;True;True;0;0;1;1;1;1
solar_pv_005;1;1;0;0;0;0;2.181035;0.001265;0.002759;30.9873;2000-01-01T00:02:28;[3.6015, 3.597, 3.603, 3.603, 3.6525, 3.6495, 3.636, 3.639];3.6525;4;3.597;1;3.622687;28.9815;wwww____;True;True;0;0;1;1;1;1
solar_pv_005;1;1;0;0;0;0;2.181035;0.001265;0.002759;30.8478;2000-01-01T00:02:34;[3.6015, 3.597, 3.603, 3.603, 3.6525, 3.6495, 3.6375, 3.639];3.6525;4;3.597;1;3.622875;28.983;wwww____;True;True;0;0;1;1;1;1
solar_pv_005;1;1;0;0;0;0;2.232759;0.001295;0.002891;30.94076;2000-01-01T00:02:40;[3.603, 3.597, 3.603, 3.603, 3.651, 3.6495, 3.6375, 3.639];3.651;4;3.597;1;3.622875;28.983;wwww____;True;True;0;0;1;1;1;1
solar_pv_005;1;1;0;0;0;0;2.228448;0.001292;0.00288;30.91751;2000-01-01T00:02:47;[3.603, 3.597, 3.603, 3.603, 3.6525, 3.6495, 3.6375, 3.639];3.6525;4;3.597;1;3.623062;28.9845;wwww____;True;True;0;0;1;1;1;1
solar_pv_005;1;1;0;0;0;0;2.198276;0.001275;0.002803;30.87106;2000-01-01T00:02:53;[3.603, 3.5985, 3.603, 3.603, 3.6525, 3.6495, 3.6375, 3.639];3.6525;4;3.5985;1;3.62325;28.986;wwww____;True;True;0;0;1;1;1;1
solar_pv_005;1;1;0;0;0;0;2.206897;0.00128;0.002825;31.01055;2000-01-01T00:02:59;[3.603, 3.5985, 3.603, 3.603, 3.651, 3.6495, 3.6375, 3.6405];3.651;4;3.5985;1;3.62325;28.986;wwww____;True;True;0;0;1;1;1;1
solar_pv_005;1;1;0;0;0;0;2.224138;0.00129;0.002869;31.10369;2000-01-01T00:03:05;[3.603, 3.5985, 3.603, 3.603, 3.654, 3.6495, 3.6375, 3.6405];3.654;4;3.5985;1;3.623625;28.989;wwww____;True;True;0;0;1;1;1;1
solar_pv_005;1;1;0;0;0;0;2.176724;0.001262;0.002748;30.9873;2000-01-01T00:03:11;[3.603, 3.5985, 3.603, 3.603, 3.651, 3.6495, 3.639, 3.6405];3.651;4;3.5985;1;3.623437;28.9875;wwww____;True;True;0;0;1;1;1;1
solar_pv_005;1;1;0;0;0;0;91.67242;0.05317;4.874222;31.03384;2000-01-01T00:03:18;[3.588, 3.5745, 3.6045, 3.6045, 3.6525, 3.651, 3.639, 3.6405];3.6525;4;3.5745;1;3.619312;28.9545;wwww____;True;True;0;0;1;1;1;1
solar_pv_005;1;0;0;0;0;0;-0.012931;-7.5e-06;9.698275e-08;31.05712;2000-01-01T00:03:24;[3.603, 3.5985, 3.603, 3.6015, 3.6525, 3.6495, 3.6375, 3.639];3.6525;4;3.5985;1;3.623063;28.9845;wwww____;True;False;0;0;1;1;1;-1
solar_pv_005;1;0;0;0;0;0;-0.008621;-5e-06;4.310345e-08;31.15032;2000-01-01T00:03:30;[3.603, 3.5985, 3.603, 3.603, 3.6525, 3.6495, 3.6375, 3.6405];3.6525;4;3.5985;1;3.623437;28.9875;wwww____;True;False;0;0;1;1;1;-1
solar_pv_005;1;0;0;0;0;0;-0.008621;-5e-06;4.310345e-08;31.10369;2000-01-01T00:03:36;[3.603, 3.5985, 3.6045, 3.6045, 3.6525, 3.6495, 3.6375, 3.6405];3.6525;4;3.5985;1;3.623813;28.9905;wwww____;True;False;0;0;1;1;1;-1
solar_pv_005;1;0;0;0;0;0;-0.008621;-5e-06;4.310345e-08;31.12701;2000-01-01T00:03:42;[3.603, 3.5985, 3.6045, 3.6045, 3.654, 3.651, 3.6375, 3.6405];3.654;4;3.5985;1;3.624187;28.9935;wwww____;True;False;0;0;1;1;1;-1
solar_pv_005;1;1;0;0;0;0;1.659483;0.000962;0.001597;31.15032;2000-01-01T00:04:24;[3.603, 3.5985, 3.603, 3.603, 3.651, 3.648, 3.6375, 3.639];3.651;4;3.5985;1;3.622875;28.983;wwww____;True;True;0;0;1;1;1;1
solar_pv_005;1;1;0;0;0;0;1.702586;0.000987;0.001681;31.17361;2000-01-01T00:04:30;[3.603, 3.5985, 3.603, 3.603, 3.6525, 3.6495, 3.6375, 3.6405];3.6525;4;3.5985;1;3.623437;28.9875;wwww____;True;True;0;0;1;1;1;1
solar_pv_005;1;1;0;0;0;0;1.698276;0.000985;0.001673;31.10369;2000-01-01T00:04:36;[3.6045, 3.5985, 3.6045, 3.6045, 3.6525, 3.6495, 3.6375, 3.639];3.6525;4;3.5985;1;3.623812;28.9905;wwww____;True;True;0;0;1;1;1;1
solar_pv_005;1;1;0;0;0;0;1.655172;0.00096;0.001589;31.10369;2000-01-01T00:04:42;[3.6045, 3.5985, 3.6045, 3.6045, 3.654, 3.6495, 3.639, 3.6405];3.654;4;3.5985;1;3.624375;28.995;wwww____;True;True;0;0;1;1;1;1
solar_pv_005;1;1;0;0;0;0;1.663793;0.000965;0.001606;31.17361;2000-01-01T00:04:48;[3.6045, 3.5985, 3.603, 3.6045, 3.654, 3.651, 3.639, 3.6405];3.654;4;3.5985;1;3.624375;28.995;wwww____;True;True;0;0;1;1;1;1
solar_pv_005;1;1;0;0;0;0;1.663793;0.000965;0.001606;31.19695;2000-01-01T00:04:55;[3.6045, 3.5985, 3.6045, 3.6045, 3.6525, 3.651, 3.639, 3.6405];3.6525;4;3.5985;1;3.624375;28.995;wwww____;True;True;0;0;1;1;1;1
solar_pv_005;1;1;0;0;0;0;1.706897;0.00099;0.00169;31.22027;2000-01-01T00:05:01;[3.6045, 3.6, 3.6045, 3.6045, 3.654, 3.651, 3.639, 3.6405];3.654;4;3.6;1;3.62475;28.998;wwww____;True;True;0;0;1;1;1;1
solar_pv_005;1;1;0;0;0;0;1.706897;0.00099;0.00169;31.26696;2000-01-01T00:05:07;[3.6045, 3.6, 3.6045, 3.6045, 3.654, 3.651, 3.639, 3.6405];3.654;4;3.6;1;3.62475;28.998;wwww____;True;True;0;0;1;1;1;1
solar_pv_005;1;1;0;0;0;0;1.706897;0.00099;0.00169;31.36038;2000-01-01T00:05:13;[3.6045, 3.6, 3.606, 3.606, 3.654, 3.651, 3.639, 3.6405];3.654;4;3.6;1;3.625125;29.001;wwww____;True;True;0;0;1;1;1;1
solar_pv_005;1;1;0;0;0;0;1.672414;0.00097;0.001622;31.26696;2000-01-01T00:05:19;[3.606, 3.6, 3.606, 3.606, 3.6525, 3.651, 3.639, 3.6405];3.6525;4;3.6;1;3.625125;29.001;wwww____;True;True;0;0;1;1;1;1
solar_pv_005;1;1;0;0;0;0;1.689655;0.00098;0.001656;31.24362;2000-01-01T00:05:25;[3.606, 3.6015, 3.606, 3.606, 3.654, 3.651, 3.639, 3.642];3.654;4;3.6015;1;3.625687;29.0055;wwww____;True;True;0;0;1;1;1;1
solar_pv_005;1;1;0;0;0;0;1.676724;0.000973;0.001631;31.36038;2000-01-01T00:05:32;[3.606, 3.6, 3.606, 3.606, 3.654, 3.651, 3.6405, 3.642];3.654;4;3.6;1;3.625687;29.0055;wwww____;True;True;0;0;1;1;1;1
solar_pv_005;1;1;0;0;0;0;1.672414;0.00097;0.001622;31.31365;2000-01-01T00:05:38;[3.606, 3.6015, 3.606, 3.606, 3.6525, 3.651, 3.639, 3.642];3.6525;4;3.6015;1;3.6255;29.004;wwww____;True;True;0;0;1;1;1;1
solar_pv_005;1;1;0;0;0;0;1.681034;0.000975;0.001639;31.22027;2000-01-01T00:05:44;[3.606, 3.6, 3.606, 3.606, 3.6555, 3.6525, 3.6405, 3.642];3.6555;4;3.6;1;3.626063;29.0085;wwww____;True;True;0;0;1;1;1;1
solar_pv_005;1;1;0;0;0;0;1.689655;0.00098;0.001656;31.22027;2000-01-01T00:05:50;[3.606, 3.6015, 3.606, 3.606, 3.654, 3.6525, 3.6405, 3.642];3.654;4;3.6015;1;3.626063;29.0085;wwww____;True;True;0;0;1;1;1;1
solar_pv_005;1;1;0;0;0;0;1.672414;0.00097;0.001622;31.40716;2000-01-01T00:05:56;[3.606, 3.6015, 3.606, 3.606, 3.6555, 3.6525, 3.6405, 3.642];3.6555;4;3.6015;1;3.62625;29.01;wwww____;True;True;0;0;1;1;1;1
solar_pv_005;1;1;0;0;0;0;1.706897;0.00099;0.00169;31.38375;2000-01-01T00:06:02;[3.6075, 3.6015, 3.6075, 3.6075, 3.654, 3.651, 3.6405, 3.642];3.654;4;3.6015;1;3.626437;29.0115;wwww____;True;True;0;0;1;1;1;1
solar_pv_005;1;1;0;0;0;0;1.698276;0.000985;0.001673;31.24362;2000-01-01T00:06:09;[3.606, 3.6015, 3.606, 3.606, 3.6555, 3.6525, 3.6405, 3.642];3.6555;4;3.6015;1;3.62625;29.01;wwww____;True;True;0;0;1;1;1;1
solar_pv_005;1;1;0;0;0;0;1.685345;0.000977;0.001647;31.26696;2000-01-01T00:06:15;[3.6075, 3.6015, 3.6075, 3.6075, 3.6555, 3.6525, 3.6405, 3.642];3.6555;4;3.6015;1;3.626813;29.0145;wwww____;True;True;0;0;1;1;1;1
solar_pv_005;1;1;0;0;0;0;1.719828;0.000998;0.001716;31.31365;2000-01-01T00:06:21;[3.6075, 3.6015, 3.6075, 3.6075, 3.654, 3.6525, 3.6405, 3.642];3.654;4;3.6015;1;3.626625;29.013;wwww____;True;True;0;0;1;1;1;1
solar_pv_005;1;1;0;0;0;0;1.711207;0.000992;0.001698;31.33703;2000-01-01T00:06:27;[3.6075, 3.603, 3.6075, 3.6075, 3.6555, 3.6525, 3.6405, 3.642];3.6555;4;3.603;1;3.627;29.016;wwww____;True;True;0;0;1;1;1;1
solar_pv_005;1;1;0;0;0;0;1.706897;0.00099;0.00169;31.59445;2000-01-01T00:06:33;[3.606, 3.6015, 3.6075, 3.609, 3.6555, 3.6525, 3.6405, 3.642];3.6555;4;3.6015;1;3.626813;29.0145;wwww____;True;True;0;0;1;1;1;1
solar_pv_005;1;1;0;0;0;0;1.702586;0.000987;0.001681;31.19695;2000-01-01T00:06:39;[3.6075, 3.6015, 3.6075, 3.6075, 3.6555, 3.6525, 3.6405, 3.642];3.6555;4;3.6015;1;3.626813;29.0145;wwww____;True;True;0;0;1;1;1;1
solar_pv_005;1;1;0;0;0;0;1.706897;0.00099;0.00169;31.54757;2000-01-01T00:06:46;[3.6075, 3.6015, 3.609, 3.6075, 3.657, 3.654, 3.642, 3.6435];3.657;4;3.6015;1;3.62775;29.022;wwww____;True;True;0;0;1;1;1;1
solar_pv_005;1;1;0;0;0;0;1.676724;0.000973;0.001631;31.31365;2000-01-01T00:06:52;[3.609, 3.603, 3.609, 3.609, 3.6555, 3.6525, 3.642, 3.642];3.6555;4;3.603;1;3.62775;29.022;wwww____;True;True;0;0;1;1;1;1
solar_pv_005;1;1;0;0;0;0;1.676724;0.000973;0.001631;31.45394;2000-01-01T00:06:58;[3.6075, 3.603, 3.609, 3.609, 3.6555, 3.6525, 3.642, 3.6435];3.6555;4;3.603;1;3.62775;29.022;wwww____;True;True;0;0;1;1;1;1
solar_pv_005;1;1;0;0;0;0;1.685345;0.000977;0.001647;31.47735;2000-01-01T00:07:04;[3.6075, 3.603, 3.609, 3.609, 3.6555, 3.6525, 3.642, 3.6435];3.6555;4;3.603;1;3.62775;29.022;wwww____;True;True;0;0;1;1;1;1
solar_pv_005;1;1;0;0;0;0;1.711207;0.000992;0.001698;31.59445;2000-01-01T00:07:10;[3.6075, 3.603, 3.609, 3.609, 3.6555, 3.6525, 3.642, 3.6435];3.6555;4;3.603;1;3.62775;29.022;wwww____;True;True;0;0;1;1;1;1
solar_pv_005;1;1;0;0;0;0;1.702586;0.000987;0.001681;31.47735;2000-01-01T00:07:17;[3.609, 3.603, 3.609, 3.609, 3.6555, 3.6525, 3.6405, 3.6435];3.6555;4;3.603;1;3.62775;29.022;wwww____;True;True;0;0;1;1;1;1
solar_pv_005;1;1;0;0;0;0;1.685345;0.000977;0.001647;31.47735;2000-01-01T00:07:23;[3.609, 3.603, 3.609, 3.609, 3.654, 3.6525, 3.642, 3.6435];3.654;4;3.603;1;3.62775;29.022;wwww____;True;True;0;0;1;1;1;1
solar_pv_005;1;1;0;0;0;0;1.728448;0.001002;0.001733;31.36038;2000-01-01T00:07:29;[3.609, 3.603, 3.609, 3.609, 3.657, 3.654, 3.642, 3.6435];3.657;4;3.603;1;3.628312;29.0265;wwww____;True;True;0;0;1;1;1;1
solar_pv_005;1;1;0;0;0;0;1.715517;0.000995;0.001707;31.40716;2000-01-01T00:07:35;[3.609, 3.603, 3.609, 3.609, 3.657, 3.654, 3.642, 3.6435];3.657;4;3.603;1;3.628312;29.0265;wwww____;True;True;0;0;1;1;1;1
solar_pv_005;1;1;0;0;0;0;1.724138;0.001;0.001724;31.50073;2000-01-01T00:07:41;[3.609, 3.603, 3.609, 3.609, 3.657, 3.654, 3.642, 3.6435];3.657;4;3.603;1;3.628312;29.0265;wwww____;True;True;0;0;1;1;1;1
solar_pv_005;1;1;0;0;0;0;1.728448;0.001002;0.001733;31.57101;2000-01-01T00:07:47;[3.6105, 3.6045, 3.6105, 3.609, 3.654, 3.654, 3.642, 3.6435];3.654;4;3.6045;1;3.6285;29.028;wwww____;True;True;0;0;1;1;1;1
solar_pv_005;1;1;0;0;0;0;1.724138;0.001;0.001724;31.40716;2000-01-01T00:07:54;[3.6105, 3.6045, 3.6105, 3.6105, 3.657, 3.654, 3.642, 3.645];3.657;4;3.6045;1;3.62925;29.034;wwww____;True;True;0;0;1;1;1;1
solar_pv_005;1;1;0;0;0;0;1.711207;0.000992;0.001698;31.43054;2000-01-01T00:08:00;[3.6105, 3.6045, 3.6105, 3.6105, 3.657, 3.654, 3.642, 3.6435];3.657;4;3.6045;1;3.629062;29.0325;wwww____;True;True;0;0;1;1;1;1
solar_pv_005;1;1;0;0;0;0;11.10918;0.017553;0.194994;32.15905;2000-01-01T00:11:13;[3.597, 3.5955, 3.609, 3.6075, 3.654, 3.6495, 3.6375, 3.639];3.654;4;3.5955;1;3.623625;28.989;wwww__w_;True;True;0;0;1;1;1;1
solar_pv_005;1;1;0;0;0;0;15.47943;0.024457;0.378588;32.41921;2000-01-01T00:11:19;[3.5955, 3.5955, 3.603, 3.6075, 3.651, 3.645, 3.627, 3.6225];3.651;4;3.5955;0;3.618375;28.947;wwww____;True;True;0;0;1;1;1;1
solar_pv_005;1;1;0;0;0;0;11.97468;0.01892;0.226561;32.51406;2000-01-01T00:11:26;[3.609, 3.6015, 3.609, 3.609, 3.651, 3.6495, 3.6375, 3.639];3.651;4;3.6015;1;3.625688;29.0055;wwww____;True;True;0;0;1;1;1;1
solar_pv_005;1;1;0;0;0;0;14.68829;0.023208;0.340879;32.65655;2000-01-01T00:11:32;[3.6075, 3.5985, 3.6075, 3.6075, 3.6465, 3.6495, 3.6375, 3.639];3.6495;5;3.5985;1;3.624188;28.9935;wwww____;True;True;0;0;1;1;1;1
solar_pv_005;1;1;0;0;0;0;9.875001;0.015603;0.154075;32.65655;2000-01-01T00:11:38;[3.6075, 3.6, 3.6075, 3.6075, 3.648, 3.6495, 3.636, 3.6405];3.6495;5;3.6;1;3.624563;28.9965;wwww____;True;True;0;0;1;1;1;1
solar_pv_005;1;1;0;0;0;0;15.51899;0.02452;0.380526;32.91845;2000-01-01T00:11:44;[3.6075, 3.6015, 3.591, 3.597, 3.6375, 3.6495, 3.6375, 3.6345];3.6495;5;3.591;2;3.6195;28.956;wwww____;True;True;0;0;1;1;1;1
solar_pv_005;1;1;0;0;0;0;17.31013;0.02735;0.473432;32.65655;2000-01-01T00:11:50;[3.5925, 3.588, 3.609, 3.609, 3.651, 3.6495, 3.6375, 3.639];3.651;4;3.588;1;3.621938;28.9755;wwww____;True;True;0;0;1;1;1;1
solar_pv_005;1;1;0;0;0;0;17.02532;0.0269;0.457981;32.77547;2000-01-01T00:11:56;[3.6075, 3.6, 3.588, 3.5895, 3.606, 3.642, 3.636, 3.639];3.642;5;3.588;2;3.6135;28.908;wwww____;True;True;0;0;1;1;1;1
solar_pv_005;1;1;0;0;0;0;19.90823;0.031455;0.626213;32.99004;2000-01-01T00:12:03;[3.6075, 3.6015, 3.6, 3.606, 3.651, 3.6495, 3.6375, 3.6375];3.651;4;3.6;2;3.623813;28.9905;wwww____;True;True;0;0;1;1;1;1
solar_pv_005;1;1;0;0;0;0;11.30696;0.017865;0.201999;33.15737;2000-01-01T00:12:09;[3.6075, 3.6, 3.6075, 3.6075, 3.651, 3.6495, 3.6375, 3.639];3.651;4;3.6;1;3.624938;28.9995;wwww____;True;True;0;0;1;1;1;1
solar_pv_005;1;1;0;0;0;0;13.71677;0.021673;0.297277;33.10952;2000-01-01T00:12:15;[3.5985, 3.585, 3.6075, 3.6075, 3.6525, 3.6495, 3.636, 3.639];3.6525;4;3.585;1;3.621938;28.9755;wwww____;True;True;0;0;1;1;1;1
solar_pv_005;1;1;0;0;0;0;8.03481;0.012695;0.102002;33.20525;2000-01-01T00:12:21;[3.606, 3.6, 3.6075, 3.6075, 3.6525, 3.648, 3.6315, 3.6285];3.6525;4;3.6;1;3.622688;28.9815;wwww____;True;True;0;0;1;1;1;1
solar_pv_005;1;1;0;0;0;0;12.37975;0.01956;0.242148;33.30111;2000-01-01T00:12:27;[3.6075, 3.5955, 3.6075, 3.6075, 3.6495, 3.6495, 3.6375, 3.639];3.6495;4;3.5955;1;3.624188;28.9935;wwww____;True;True;0;0;1;1;1;1
solar_pv_005;1;1;0;0;0;0;10.08228;0.01593;0.160611;33.20525;2000-01-01T00:12:33;[3.6075, 3.6015, 3.5895, 3.5865, 3.5865, 3.6345, 3.63, 3.6375];3.6375;7;3.5865;3;3.609188;28.8735;wwwww_w_;True;True;0;0;1;1;1;1
solar_pv_005;1;1;0;0;0;0;11.74525;0.018558;0.217963;33.4211;2000-01-01T00:12:40;[3.6015, 3.5865, 3.6075, 3.6075, 3.6495, 3.6495, 3.6375, 3.639];3.6495;4;3.5865;1;3.622313;28.9785;wwww____;True;True;0;0;1;1;1;1
solar_pv_005;1;1;0;0;0;0;7.493671;0.01184;0.088725;33.44512;2000-01-01T00:12:46;[3.591, 3.588, 3.609, 3.609, 3.651, 3.6495, 3.6375, 3.6375];3.651;4;3.588;1;3.621563;28.9725;wwww____;True;True;0;0;1;1;1;1
solar_pv_005;1;1;0;0;0;0;10.71994;0.016937;0.181569;33.51723;2000-01-01T00:12:52;[3.6045, 3.6, 3.609, 3.6075, 3.651, 3.6495, 3.636, 3.639];3.651;4;3.6;1;3.624563;28.9965;wwww____;True;True;0;0;1;1;1;1
solar_pv_005;1;1;0;0;0;0;8.172468;0.012912;0.105527;33.4211;2000-01-01T00:12:58;[3.606, 3.6015, 3.5895, 3.5925, 3.6225, 3.6465, 3.6375, 3.6375];3.6465;5;3.5895;2;3.616688;28.9335;wwww____;True;True;0;0;1;1;1;1
solar_pv_005;1;1;0;0;0;0;13.66614;0.021592;0.295086;33.92733;2000-01-01T00:13:04;[3.606, 3.6015, 3.5895, 3.5955, 3.63, 3.648, 3.636, 3.639];3.648;5;3.5895;2;3.618187;28.9455;wwww____;True;True;0;0;1;1;1;1
solar_pv_005;1;1;0;0;0;0;0.727848;0.00115;0.000837;33.92733;2000-01-01T00:13:10;[3.6075, 3.6015, 3.6075, 3.6075, 3.648, 3.648, 3.6375, 3.639];3.648;4;3.6015;1;3.624563;28.9965;wwww____;True;True;0;0;1;1;1;1
solar_pv_005;1;1;0;0;0;0;0.631329;0.000998;0.00063;33.95153;2000-01-01T00:13:17;[3.609, 3.603, 3.609, 3.609, 3.651, 3.6495, 3.6375, 3.6405];3.651;4;3.603;1;3.626063;29.0085;wwww____;True;True;0;0;1;1;1;1
solar_pv_005;1;1;0;0;0;0;0.618671;0.000977;0.000605;33.87896;2000-01-01T00:13:23;[3.609, 3.603, 3.609, 3.609, 3.6525, 3.6495, 3.639, 3.6405];3.6525;4;3.603;1;3.626438;29.0115;wwww____;True;True;0;0;1;1;1;1
solar_pv_005;1;1;0;0;0;0;0.621835;0.000983;0.000611;33.83062;2000-01-01T00:13:29;[3.609, 3.603, 3.609, 3.6105, 3.654, 3.651, 3.639, 3.6405];3.654;4;3.603;1;3.627;29.016;wwww____;True;True;0;0;1;1;1;1
solar_pv_005;1;1;0;0;0;0;0.625;0.000987;0.000617;33.97573;2000-01-01T00:13:35;[3.6105, 3.6045, 3.6105, 3.6105, 3.654, 3.651, 3.639, 3.6405];3.654;4;3.6045;1;3.627563;29.0205;wwww____;True;True;0;0;1;1;1;1
solar_pv_005;1;1;0;0;0;0;0.625;0.000987;0.000617;34.04839;2000-01-01T00:13:41;[3.6105, 3.6045, 3.6105, 3.6105, 3.654, 3.651, 3.6405, 3.642];3.654;4;3.6045;1;3.627938;29.0235;wwww____;True;True;0;0;1;1;1;1
solar_pv_005;1;1;0;0;0;0;0.621835;0.000983;0.000611;34.19399;2000-01-01T00:13:47;[3.6105, 3.6045, 3.6105, 3.6105, 3.654, 3.6525, 3.6405, 3.642];3.654;4;3.6045;1;3.628125;29.025;wwww____;True;True;0;0;1;1;1;1
solar_pv_005;1;1;0;0;0;0;0.639241;0.00101;0.000646;34.12118;2000-01-01T00:13:54;[3.612, 3.606, 3.612, 3.612, 3.6555, 3.6525, 3.6405, 3.642];3.6555;4;3.606;1;3.629062;29.0325;wwww____;True;True;0;0;1;1;1;1
solar_pv_005;1;1;0;0;0;0;0.632911;0.001;0.000633;34.09692;2000-01-01T00:14:00;[3.612, 3.6045, 3.612, 3.612, 3.6555, 3.654, 3.642, 3.6435];3.6555;4;3.6045;1;3.629437;29.0355;wwww____;True;True;0;0;1;1;1;1
solar_pv_005;1;1;0;0;0;0;0.623418;0.000985;0.000614;34.04839;2000-01-01T00:14:06;[3.612, 3.606, 3.612, 3.612, 3.6555, 3.6525, 3.642, 3.6435];3.6555;4;3.606;1;3.629437;29.0355;wwww____;True;True;0;0;1;1;1;1
solar_pv_005;1;1;0;0;0;0;0.637658;0.001007;0.000642;34.14541;2000-01-01T00:14:12;[3.612, 3.606, 3.612, 3.612, 3.6555, 3.6525, 3.642, 3.6435];3.6555;4;3.606;1;3.629437;29.0355;wwww____;True;True;0;0;1;1;1;1
solar_pv_005;1;1;0;0;0;0;0.634494;0.001002;0.000636;34.1697;2000-01-01T00:14:18;[3.612, 3.606, 3.6135, 3.612, 3.6555, 3.6525, 3.642, 3.6435];3.6555;4;3.606;1;3.629625;29.037;wwww____;True;True;0;0;1;1;1;1
solar_pv_005;1;1;0;0;0;0;-0.003165;-5e-06;1.582278e-08;34.12118;2000-01-01T00:14:25;[3.6135, 3.606, 3.6135, 3.6135, 3.6555, 3.654, 3.642, 3.6435];3.6555;4;3.606;1;3.630188;29.0415;wwww____;True;True;0;0;1;1;1;1
solar_pv_005;1;1;0;0;0;0;-0.003165;-5e-06;1.582278e-08;34.12118;2000-01-01T00:14:31;[3.612, 3.6075, 3.6135, 3.6135, 3.657, 3.654, 3.6435, 3.6435];3.657;4;3.6075;1;3.630562;29.0445;wwww____;True;True;0;0;1;1;1;1
solar_pv_005;1;1;0;0;0;0;-0.003165;-5e-06;1.582278e-08;34.19399;2000-01-01T00:14:37;[3.6135, 3.6075, 3.6135, 3.6135, 3.657, 3.6555, 3.6435, 3.645];3.657;4;3.6075;1;3.631125;29.049;wwww____;True;True;0;0;1;1;1;1
solar_pv_005;1;1;0;0;0;0;-0.003165;-5e-06;1.582278e-08;34.12118;2000-01-01T00:14:43;[3.6135, 3.6075, 3.6135, 3.6135, 3.6585, 3.6555, 3.6435, 3.645];3.6585;4;3.6075;1;3.631313;29.0505;wwww____;True;True;0;0;1;1;1;1
solar_pv_005;1;1;0;0;0;0;-0.003165;-5e-06;1.582278e-08;34.04839;2000-01-01T00:14:49;[3.6135, 3.6075, 3.6135, 3.6135, 3.6585, 3.6555, 3.6435, 3.645];3.6585;4;3.6075;1;3.631313;29.0505;wwww____;True;True;0;0;1;1;1;1
solar_pv_005;0;0;0;0;0;0;-0.009494;-1.5e-05;1.424051e-07;34.04839;2000-01-01T00:14:55;[3.609, 3.603, 3.609, 3.609, 3.642, 3.651, 3.639, 3.6405];3.651;5;3.603;1;3.625312;29.0025;wwww____;False;False;0;0;1;1;1;1
solar_pv_005;0;0;0;0;0;0;-0.007911;-1.2e-05;9.88924e-08;33.80645;2000-01-01T00:15:02;[3.609, 3.603, 3.609, 3.609, 3.642, 3.6495, 3.6375, 3.6405];3.6495;5;3.603;1;3.624938;28.9995;wwww____;False;False;0;0;1;1;1;1
solar_pv_005;0;0;0;0;0;0;-0.007911;-1.2e-05;9.88924e-08;33.90316;2000-01-01T00:15:08;[3.609, 3.6015, 3.609, 3.6075, 3.642, 3.6495, 3.6375, 3.639];3.6495;5;3.6015;1;3.624375;28.995;wwww____;False;False;0;0;1;1;1;1
solar_pv_005;0;0;0;0;0;0;-0.006329;-1e-05;6.329114e-08;33.87896;2000-01-01T00:15:14;[3.609, 3.6015, 3.609, 3.609, 3.6405, 3.6495, 3.6375, 3.639];3.6495;5;3.6015;1;3.624375;28.995;wwww____;False;False;0;0;1;1;1;1
solar_pv_005;0;0;0;0;0;0;-0.006329;-1e-05;6.329114e-08;33.80645;2000-01-01T00:15:20;[3.6075, 3.6015, 3.609, 3.609, 3.6405, 3.648, 3.6375, 3.639];3.648;5;3.6015;1;3.624;28.992;wwww____;False;False;0;0;1;1;1;1
solar_pv_005;1;0;0;0;0;0;-0.006329;-1e-05;6.329114e-08;34.07265;2000-01-01T00:15:26;[3.612, 3.606, 3.6075, 3.6075, 3.6405, 3.648, 3.6375, 3.6375];3.648;5;3.606;1;3.624563;28.9965;wwww____;True;False;0;0;1;1;1;1
solar_pv_005;1;0;0;0;0;0;-0.004747;-7.5e-06;3.560127e-08;33.83062;2000-01-01T00:15:33;[3.6135, 3.6075, 3.6135, 3.6135, 3.657, 3.654, 3.642, 3.6435];3.657;4;3.6075;1;3.630562;29.0445;wwww____;True;False;0;0;1;1;1;1
solar_pv_005;1;0;0;0;0;0;-0.004747;-7.5e-06;3.560127e-08;33.83062;2000-01-01T00:15:39;[3.6135, 3.6075, 3.6135, 3.6135, 3.657, 3.6555, 3.6435, 3.6435];3.657;4;3.6075;1;3.630937;29.0475;wwww____;True;False;0;0;1;1;1;1
solar_pv_005;0;0;0;0;0;0;-0.004747;-7.5e-06;3.560127e-08;33.78234;2000-01-01T00:15:45;[3.6105, 3.603, 3.615, 3.615, 3.657, 3.6555, 3.6435, 3.645];3.657;4;3.603;1;3.630563;29.0445;wwww____;False;False;0;0;1;1;1;1
solar_pv_005;0;0;0;0;0;0;-0.004747;-7.5e-06;3.560127e-08;33.73406;2000-01-01T00:15:51;[3.6105, 3.603, 3.609, 3.609, 3.642, 3.6495, 3.6375, 3.639];3.6495;5;3.603;1;3.624938;28.9995;wwww____;False;False;0;0;1;1;1;1
solar_pv_005;0;0;0;0;0;0;-0.004747;-7.5e-06;3.560127e-08;33.75817;2000-01-01T00:15:58;[3.609, 3.603, 3.609, 3.609, 3.642, 3.6495, 3.6375, 3.6405];3.6495;5;3.603;1;3.624938;28.9995;wwww____;False;False;0;0;1;1;1;1
solar_pv_005;0;0;0;0;0;0;-0.003165;-5e-06;1.582278e-08;33.80645;2000-01-01T00:16:04;[3.609, 3.6015, 3.609, 3.609, 3.642, 3.6495, 3.6375, 3.639];3.6495;5;3.6015;1;3.624563;28.9965;wwww____;False;False;0;0;1;1;1;1
solar_pv_005;0;0;0;0;0;0;-0.003165;-5e-06;1.582278e-08;33.80645;2000-01-01T00:16:10;[3.6075, 3.6015, 3.6075, 3.609, 3.6405, 3.6495, 3.6375, 3.639];3.6495;5;3.6015;1;3.624;28.992;wwww____;False;False;0;0;1;1;1;1
solar_pv_005;0;0;0;0;0;0;-0.003165;-5e-06;1.582278e-08;33.78234;2000-01-01T00:16:16;[3.609, 3.6015, 3.609, 3.609, 3.6405, 3.648, 3.6375, 3.639];3.648;5;3.6015;1;3.624188;28.9935;wwww____;False;False;0;0;1;1;1;1
solar_pv_005;0;0;0;0;0;0;-0.003165;-5e-06;1.582278e-08;33.75817;2000-01-01T00:16:22;[3.609, 3.6015, 3.609, 3.609, 3.6405, 3.648, 3.6375, 3.639];3.648;5;3.6015;1;3.624188;28.9935;wwww____;False;False;0;0;1;1;1;1
solar_pv_005;0;0;0;0;0;0;-0.003165;-5e-06;1.582278e-08;33.46917;2000-01-01T00:16:29;[3.609, 3.6015, 3.609, 3.6075, 3.6405, 3.648, 3.636, 3.639];3.648;5;3.6015;1;3.623813;28.9905;wwww____;False;False;0;0;1;1;1;1
solar_pv_005;0;0;0;0;0;0;-0.003165;-5e-06;1.582278e-08;33.58944;2000-01-01T00:16:35;[3.609, 3.6015, 3.609, 3.609, 3.6405, 3.648, 3.636, 3.639];3.648;5;3.6015;1;3.624;28.992;wwww____;False;False;0;0;1;1;1;1
solar_pv_005;0;0;0;0;0;0;-0.003165;-5e-06;1.582278e-08;33.49319;2000-01-01T00:16:41;[3.609, 3.6015, 3.609, 3.6075, 3.6405, 3.648, 3.636, 3.639];3.648;5;3.6015;1;3.623813;28.9905;wwww____;False;False;0;0;1;1;1;1
solar_pv_005;0;0;0;0;0;0;-0.003165;-5e-06;1.582278e-08;33.39709;2000-01-01T00:16:47;[3.6075, 3.6015, 3.6075, 3.609, 3.6405, 3.648, 3.636, 3.6375];3.648;5;3.6015;1;3.623438;28.9875;wwww____;False;False;0;0;1;1;1;1
solar_pv_005;0;0;0;0;0;0;-0.003165;-5e-06;1.582278e-08;33.46917;2000-01-01T00:16:54;[3.6075, 3.6015, 3.6075, 3.6075, 3.6405, 3.648, 3.636, 3.6375];3.648;5;3.6015;1;3.62325;28.986;wwww____;False;False;0;0;1;1;1;1
solar_pv_005;0;0;0;0;0;0;-0.003165;-5e-06;1.582278e-08;33.4211;2000-01-01T00:17:00;[3.609, 3.6, 3.6075, 3.6075, 3.6405, 3.648, 3.636, 3.6375];3.648;5;3.6;1;3.62325;28.986;wwww____;False;False;0;0;1;1;1;1
solar_pv_005;0;0;0;0;0;0;-0.003165;-5e-06;1.582278e-08;33.4211;2000-01-01T00:17:06;[3.6075, 3.6, 3.6075, 3.6075, 3.639, 3.648, 3.636, 3.6375];3.648;5;3.6;1;3.622875;28.983;wwww____;False;False;0;0;1;1;1;1
solar_pv_005;0;0;0;0;0;0;-0.003165;-5e-06;1.582278e-08;33.4211;2000-01-01T00:17:12;[3.6075, 3.6015, 3.6075, 3.6075, 3.6405, 3.648, 3.636, 3.6375];3.648;5;3.6015;1;3.62325;28.986;wwww____;False;False;0;0;1;1;1;1
solar_pv_005;0;0;0;0;0;0;-0.003165;-5e-06;1.582278e-08;33.4211;2000-01-01T00:17:18;[3.6075, 3.6015, 3.6075, 3.6075, 3.6405, 3.648, 3.636, 3.6375];3.648;5;3.6015;1;3.62325;28.986;wwww____;False;False;0;0;1;1;1;1
solar_pv_005;0;0;0;0;0;0;-0.003165;-5e-06;1.582278e-08;33.30111;2000-01-01T00:17:25;[3.6075, 3.6015, 3.6075, 3.609, 3.6405, 3.648, 3.636, 3.6375];3.648;5;3.6015;1;3.623438;28.9875;wwww____;False;False;0;0;1;1;1;1
solar_pv_005;0;0;0;0;0;0;-0.003165;-5e-06;1.582278e-08;33.27712;2000-01-01T00:17:31;[3.6075, 3.6015, 3.6075, 3.609, 3.6405, 3.648, 3.636, 3.6375];3.648;5;3.6015;1;3.623438;28.9875;wwww____;False;False;0;0;1;1;1;1
solar_pv_005;0;0;0;0;0;0;-0.003165;-5e-06;1.582278e-08;33.39709;2000-01-01T00:17:37;[3.6075, 3.6015, 3.6075, 3.6075, 3.639, 3.648, 3.636, 3.6375];3.648;5;3.6015;1;3.623063;28.9845;wwww____;False;False;0;0;1;1;1;1
solar_pv_005;0;0;0;0;0;0;-0.003165;-5e-06;1.582278e-08;33.27712;2000-01-01T00:17:43;[3.6075, 3.6015, 3.6075, 3.6075, 3.6405, 3.648, 3.636, 3.6375];3.648;5;3.6015;1;3.62325;28.986;wwww____;False;False;0;0;1;1;1;1
solar_pv_005;0;0;0;0;0;0;-0.003165;-5e-06;1.582278e-08;33.1813;2000-01-01T00:17:49;[3.609, 3.6015, 3.6075, 3.6075, 3.639, 3.648, 3.636, 3.6375];3.648;5;3.6015;1;3.62325;28.986;wwww____;False;False;0;0;1;1;1;1
solar_pv_005;0;0;0;0;0;0;-0.003165;-5e-06;1.582278e-08;33.20525;2000-01-01T00:17:56;[3.6075, 3.6, 3.6075, 3.609, 3.639, 3.648, 3.636, 3.6375];3.648;5;3.6;1;3.623063;28.9845;wwww____;False;False;0;0;1;1;1;1
solar_pv_005;0;0;0;0;0;0;-0.003165;-5e-06;1.582278e-08;32.96618;2000-01-01T00:18:02;[3.6075, 3.6015, 3.6075, 3.609, 3.639, 3.648, 3.636, 3.6375];3.648;5;3.6015;1;3.62325;28.986;wwww____;False;False;0;0;1;1;1;1
solar_pv_005;0;0;0;0;0;0;-0.003165;-5e-06;1.582278e-08;33.0617;2000-01-01T00:18:08;[3.609, 3.6015, 3.6075, 3.609, 3.639, 3.648, 3.636, 3.6375];3.648;5;3.6015;1;3.623438;28.9875;wwww____;False;False;0;0;1;1;1;1
solar_pv_005;0;0;0;0;0;0;-0.003165;-5e-06;1.582278e-08;33.01391;2000-01-01T00:18:14;[3.609, 3.6015, 3.6075, 3.609, 3.639, 3.648, 3.636, 3.6375];3.648;5;3.6015;1;3.623438;28.9875;wwww____;False;False;0;0;1;1;1;1
solar_pv_005;0;0;0;0;0;0;-0.003165;-5e-06;1.582278e-08;33.08559;2000-01-01T00:18:21;[3.6075, 3.6015, 3.609, 3.609, 3.639, 3.648, 3.6345, 3.6375];3.648;5;3.6015;1;3.62325;28.986;wwww____;False;False;0;0;1;1;1;1
solar_pv_005;0;0;0;0;0;0;-0.003165;-5e-06;1.582278e-08;32.99004;2000-01-01T00:18:27;[3.609, 3.6015, 3.6075, 3.609, 3.639, 3.648, 3.6345, 3.6375];3.648;5;3.6015;1;3.62325;28.986;wwww____;False;False;0;0;1;1;1;1
solar_pv_005;0;0;0;0;0;0;-0.003165;-5e-06;1.582278e-08;32.94231;2000-01-01T00:18:33;[3.6075, 3.6015, 3.6075, 3.609, 3.639, 3.648, 3.6345, 3.6375];3.648;5;3.6015;1;3.623063;28.9845;wwww____;False;False;0;0;1;1;1;1
solar_pv_005;0;0;0;0;0;0;-0.003165;-5e-06;1.582278e-08;32.77547;2000-01-01T00:18:39;[3.609, 3.6015, 3.6075, 3.6075, 3.639, 3.648, 3.636, 3.6375];3.648;5;3.6015;1;3.62325;28.986;wwww____;False;False;0;0;1;1;1;1
solar_pv_005;0;0;0;0;0;0;-0.003165;-5e-06;1.582278e-08;32.89462;2000-01-01T00:18:45;[3.6075, 3.6015, 3.609, 3.6075, 3.639, 3.6465, 3.6345, 3.6375];3.6465;5;3.6015;1;3.622875;28.983;wwww____;False;False;0;0;1;1;1;1
solar_pv_005;0;0;0;0;0;0;-0.003165;-5e-06;1.582278e-08;32.82308;2000-01-01T00:18:52;[3.609, 3.6015, 3.6075, 3.609, 3.639, 3.648, 3.6345, 3.636];3.648;5;3.6015;1;3.623063;28.9845;wwww____;False;False;0;0;1;1;1;1
solar_pv_005;0;0;0;0;0;0;-0.003165;-5e-06;1.582278e-08;32.68029;2000-01-01T00:18:58;[3.6075, 3.6015, 3.6075, 3.6075, 3.639, 3.6465, 3.636, 3.636];3.6465;5;3.6015;1;3.622687;28.9815;wwww____;False;False;0;0;1;1;1;1
solar_pv_005;0;0;0;0;0;0;-0.003165;-5e-06;1.582278e-08;32.89462;2000-01-01T00:19:04;[3.6075, 3.6015, 3.6075, 3.609, 3.639, 3.6465, 3.636, 3.636];3.6465;5;3.6015;1;3.622875;28.983;wwww____;False;False;0;0;1;1;1;1
solar_pv_005;0;0;0;0;0;0;-0.003165;-5e-06;1.582278e-08;32.77547;2000-01-01T00:19:10;[3.6075, 3.6015, 3.6075, 3.6075, 3.639, 3.6465, 3.636, 3.6375];3.6465;5;3.6015;1;3.622875;28.983;wwww____;False;False;0;0;1;1;1;1
solar_pv_005;0;0;0;0;0;0;-0.003165;-5e-06;1.582278e-08;32.82308;2000-01-01T00:19:16;[3.6075, 3.6015, 3.6075, 3.609, 3.639, 3.6465, 3.6345, 3.6375];3.6465;5;3.6015;1;3.622875;28.983;wwww____;False;False;0;0;1;1;1;1
solar_pv_005;0;0;0;0;0;0;-0.003165;-5e-06;1.582278e-08;32.82308;2000-01-01T00:19:23;[3.6075, 3.6015, 3.6075, 3.6075, 3.639, 3.6465, 3.636, 3.6375];3.6465;5;3.6015;1;3.622875;28.983;wwww____;False;False;0;0;1;1;1;1
solar_pv_005;0;0;0;0;0;0;-0.001582;-2.5e-06;3.955696e-09;32.79928;2000-01-01T00:19:29;[3.6075, 3.6015, 3.6075, 3.6075, 3.639, 3.6465, 3.636, 3.6375];3.6465;5;3.6015;1;3.622875;28.983;wwww____;False;False;0;0;1;1;1;1
solar_pv_005;0;0;0;0;0;0;-0.001582;-2.5e-06;3.955696e-09;32.77547;2000-01-01T00:19:35;[3.6075, 3.6015, 3.6075, 3.6075, 3.639, 3.6465, 3.636, 3.6375];3.6465;5;3.6015;1;3.622875;28.983;wwww____;False;False;0;0;1;1;1;1
solar_pv_005;0;0;0;0;0;0;-0.003165;-5e-06;1.582278e-08;32.77547;2000-01-01T00:19:41;[3.6075, 3.6015, 3.6075, 3.6075, 3.639, 3.6465, 3.6345, 3.6375];3.6465;5;3.6015;1;3.622688;28.9815;wwww____;False;False;0;0;1;1;1;1
solar_pv_005;0;0;0;0;0;0;-0.001582;-2.5e-06;3.955696e-09;32.72787;2000-01-01T00:19:48;[3.6075, 3.6015, 3.6075, 3.6075, 3.639, 3.6465, 3.6345, 3.6375];3.6465;5;3.6015;1;3.622688;28.9815;wwww____;False;False;0;0;1;1;1;1
solar_pv_005;0;0;0;0;0;0;-0.001582;-2.5e-06;3.955696e-09;32.63277;2000-01-01T00:19:54;[3.6075, 3.6015, 3.6075, 3.6075, 3.639, 3.648, 3.6345, 3.6375];3.648;5;3.6015;1;3.622875;28.983;wwww____;False;False;0;0;1;1;1;1
solar_pv_005;0;0;0;0;0;0;-0.001582;-2.5e-06;3.955696e-09;32.63277;2000-01-01T00:20:00;[3.6075, 3.6015, 3.6075, 3.6075, 3.639, 3.6465, 3.6345, 3.6375];3.6465;5;3.6015;1;3.622688;28.9815;wwww____;False;False;0;0;1;1;1;1
solar_pv_005;0;0;0;0;0;0;-0.001582;-2.5e-06;3.955696e-09;32.63277;2000-01-01T00:20:06;[3.6075, 3.6015, 3.6075, 3.6075, 3.639, 3.6465, 3.6345, 3.6375];3.6465;5;3.6015;1;3.622688;28.9815;wwww____;False;False;0;0;1;1;1;1
solar_pv_005;0;0;0;0;0;0;-0.001582;-2.5e-06;3.955696e-09;32.65655;2000-01-01T00:20:12;[3.6075, 3.6015, 3.6075, 3.6075, 3.639, 3.648, 3.6345, 3.6375];3.648;5;3.6015;1;3.622875;28.983;wwww____;False;False;0;0;1;1;1;1
solar_pv_005;0;0;0;0;0;0;-0.001582;-2.5e-06;3.955696e-09;32.65655;2000-01-01T00:20:19;[3.6075, 3.6015, 3.6075, 3.6075, 3.639, 3.6465, 3.6345, 3.6375];3.6465;5;3.6015;1;3.622688;28.9815;wwww____;False;False;0;0;1;1;1;1
solar_pv_005;0;0;0;0;0;0;-0.001582;-2.5e-06;3.955696e-09;32.44292;2000-01-01T00:20:25;[3.6075, 3.6015, 3.6075, 3.6075, 3.639, 3.6465, 3.6345, 3.6375];3.6465;5;3.6015;1;3.622688;28.9815;wwww____;False;False;0;0;1;1;1;1
solar_pv_005;0;0;0;0;0;0;-0.003165;-5e-06;1.582278e-08;32.65655;2000-01-01T00:20:31;[3.6075, 3.6015, 3.6075, 3.6075, 3.639, 3.6465, 3.6345, 3.6375];3.6465;5;3.6015;1;3.622688;28.9815;wwww____;False;False;0;0;1;1;1;1
solar_pv_005;0;0;0;0;0;0;-0.001582;-2.5e-06;3.955696e-09;32.65655;2000-01-01T00:20:37;[3.6075, 3.6015, 3.6075, 3.6075, 3.639, 3.6465, 3.6345, 3.636];3.6465;5;3.6015;1;3.6225;28.98;wwww____;False;False;0;0;1;1;1;1
solar_pv_005;0;0;0;0;0;0;-0.001582;-2.5e-06;3.955696e-09;32.65655;2000-01-01T00:20:44;[3.6075, 3.6015, 3.6075, 3.6075, 3.639, 3.6465, 3.6345, 3.636];3.6465;5;3.6015;1;3.6225;28.98;wwww____;False;False;0;0;1;1;1;1
solar_pv_005;0;0;0;0;0;0;-0.001582;-2.5e-06;3.955696e-09;32.49035;2000-01-01T00:20:50;[3.6075, 3.6015, 3.6075, 3.6075, 3.639, 3.6465, 3.6345, 3.636];3.6465;5;3.6015;1;3.6225;28.98;wwww____;False;False;0;0;1;1;1;1
solar_pv_005;0;0;0;0;0;0;-0.001582;-2.5e-06;3.955696e-09;32.58526;2000-01-01T00:20:56;[3.6075, 3.6015, 3.6075, 3.6075, 3.639, 3.6465, 3.6345, 3.636];3.6465;5;3.6015;1;3.6225;28.98;wwww____;False;False;0;0;1;1;1;1
solar_pv_005;0;0;0;0;0;0;-0.001582;-2.5e-06;3.955696e-09;32.49035;2000-01-01T00:21:02;[3.6075, 3.6015, 3.6075, 3.6075, 3.639, 3.6465, 3.6345, 3.636];3.6465;5;3.6015;1;3.6225;28.98;wwww____;False;False;0;0;1;1;1;1
solar_pv_005;0;0;0;0;0;0;-0.001582;-2.5e-06;3.955696e-09;32.44292;2000-01-01T00:21:08;[3.6075, 3.6015, 3.6075, 3.6075, 3.639, 3.6465, 3.6345, 3.636];3.6465;5;3.6015;1;3.6225;28.98;wwww____;False;False;0;0;1;1;1;1
solar_pv_005;0;0;0;0;0;0;-0.001582;-2.5e-06;3.955696e-09;32.60903;2000-01-01T00:21:15;[3.6075, 3.6015, 3.6075, 3.6075, 3.639, 3.6465, 3.6345, 3.636];3.6465;5;3.6015;1;3.6225;28.98;wwww____;False;False;0;0;1;1;1;1
solar_pv_005;0;0;0;0;0;0;-0.001582;-2.5e-06;3.955696e-09;32.58526;2000-01-01T00:21:21;[3.6075, 3.6015, 3.6075, 3.6075, 3.639, 3.6465, 3.6345, 3.636];3.6465;5;3.6015;1;3.6225;28.98;wwww____;False;False;0;0;1;1;1;1
solar_pv_005;0;0;0;0;0;0;-0.001582;-2.5e-06;3.955696e-09;32.58526;2000-01-01T00:21:27;[3.6075, 3.6015, 3.6075, 3.6075, 3.639, 3.6465, 3.6345, 3.636];3.6465;5;3.6015;1;3.6225;28.98;wwww____;False;False;0;0;1;1;1;1
solar_pv_005;0;0;0;0;0;0;-0.001582;-2.5e-06;3.955696e-09;32.58526;2000-01-01T00:21:33;[3.6075, 3.6015, 3.6075, 3.6075, 3.639, 3.6465, 3.6345, 3.636];3.6465;5;3.6015;1;3.6225;28.98;wwww____;False;False;0;0;1;1;1;1
solar_pv_005;0;0;0;0;0;0;-0.001582;-2.5e-06;3.955696e-09;32.56152;2000-01-01T00:21:40;[3.6075, 3.6015, 3.6075, 3.6075, 3.639, 3.6465, 3.6345, 3.636];3.6465;5;3.6015;1;3.6225;28.98;wwww____;False;False;0;0;1;1;1;1
solar_pv_005;0;0;0;0;0;0;-0.001582;-2.5e-06;3.955696e-09;32.49035;2000-01-01T00:21:46;[3.6075, 3.6015, 3.6075, 3.6075, 3.639, 3.6465, 3.6345, 3.636];3.6465;5;3.6015;1;3.6225;28.98;wwww____;False;False;0;0;1;1;1;1
solar_pv_005;0;0;0;0;0;0;-0.001582;-2.5e-06;3.955696e-09;32.44292;2000-01-01T00:21:52;[3.6075, 3.6015, 3.6075, 3.6075, 3.639, 3.6465, 3.6345, 3.636];3.6465;5;3.6015;1;3.6225;28.98;wwww____;False;False;0;0;1;1;1;1
solar_pv_005;0;0;0;0;0;0;-0.001582;-2.5e-06;3.955696e-09;32.30087;2000-01-01T00:21:58;[3.6075, 3.6015, 3.6075, 3.6075, 3.639, 3.6465, 3.6345, 3.636];3.6465;5;3.6015;1;3.6225;28.98;wwww____;False;False;0;0;1;1;1;1
solar_pv_005;0;0;0;0;0;0;-0.001582;-2.5e-06;3.955696e-09;32.5378;2000-01-01T00:22:04;[3.6075, 3.6015, 3.6075, 3.6075, 3.639, 3.6465, 3.6345, 3.636];3.6465;5;3.6015;1;3.6225;28.98;wwww____;False;False;0;0;1;1;1;1
solar_pv_005;0;0;0;0;0;0;-0.001582;-2.5e-06;3.955696e-09;32.49035;2000-01-01T00:22:11;[3.6075, 3.6015, 3.6075, 3.6075, 3.639, 3.6465, 3.6345, 3.636];3.6465;5;3.6015;1;3.6225;28.98;wwww____;False;False;0;0;1;1;1;1
solar_pv_005;0;0;0;0;0;0;-0.001582;-2.5e-06;3.955696e-09;32.46661;2000-01-01T00:22:17;[3.6075, 3.6015, 3.6075, 3.6075, 3.639, 3.6465, 3.6345, 3.636];3.6465;5;3.6015;1;3.6225;28.98;wwww____;False;False;0;0;1;1;1;1
solar_pv_005;0;0;0;0;0;0;-0.001582;-2.5e-06;3.955696e-09;32.32452;2000-01-01T00:22:23;[3.6075, 3.6, 3.6075, 3.6075, 3.639, 3.6465, 3.6345, 3.636];3.6465;5;3.6;1;3.622313;28.9785;wwww____;False;False;0;0;1;1;1;1
solar_pv_005;0;0;0;0;0;0;-0.001582;-2.5e-06;3.955696e-09;32.3482;2000-01-01T00:22:29;[3.6075, 3.6015, 3.6075, 3.6075, 3.639, 3.6465, 3.6345, 3.636];3.6465;5;3.6015;1;3.6225;28.98;wwww____;False;False;0;0;1;1;1;1
solar_pv_005;0;0;0;0;0;0;-0.001582;-2.5e-06;3.955696e-09;32.37185;2000-01-01T00:22:35;[3.6075, 3.6, 3.6075, 3.6075, 3.639, 3.6465, 3.6345, 3.636];3.6465;5;3.6;1;3.622313;28.9785;wwww____;False;False;0;0;1;1;1;1
solar_pv_005;0;0;0;0;0;0;-0.001582;-2.5e-06;3.955696e-09;32.25356;2000-01-01T00:22:42;[3.6075, 3.6015, 3.6075, 3.6075, 3.639, 3.6465, 3.6345, 3.636];3.6465;5;3.6015;1;3.6225;28.98;wwww____;False;False;0;0;1;1;1;1
solar_pv_005;0;0;0;0;0;0;-0.001582;-2.5e-06;3.955696e-09;32.30087;2000-01-01T00:22:48;[3.6075, 3.6, 3.6075, 3.6075, 3.639, 3.6465, 3.6345, 3.636];3.6465;5;3.6;1;3.622313;28.9785;wwww____;False;False;0;0;1;1;1;1
solar_pv_005;0;0;0;0;0;0;-0.001582;-2.5e-06;3.955696e-09;32.22994;2000-01-01T00:22:54;[3.6075, 3.6015, 3.6075, 3.6075, 3.639, 3.6465, 3.6345, 3.636];3.6465;5;3.6015;1;3.6225;28.98;wwww____;False;False;0;0;1;1;1;1
solar_pv_005;0;0;0;0;0;0;-0.001582;-2.5e-06;3.955696e-09;32.25356;2000-01-01T00:23:00;[3.6075, 3.6015, 3.6075, 3.6075, 3.639, 3.6465, 3.6345, 3.636];3.6465;5;3.6015;1;3.6225;28.98;wwww____;False;False;0;0;1;1;1;1
solar_pv_005;0;0;0;0;0;0;-0.001582;-2.5e-06;3.955696e-09;32.32452;2000-01-01T00:23:07;[3.6075, 3.6015, 3.6075, 3.6075, 3.639, 3.6465, 3.6345, 3.636];3.6465;5;3.6015;1;3.6225;28.98;wwww____;False;False;0;0;1;1;1;1
solar_pv_005;0;0;0;0;0;0;-0.001582;-2.5e-06;3.955696e-09;32.25356;2000-01-01T00:23:13;[3.6075, 3.6, 3.6075, 3.6075, 3.639, 3.6465, 3.6345, 3.636];3.6465;5;3.6;1;3.622313;28.9785;wwww____;False;False;0;0;1;1;1;1
solar_pv_005;0;0;0;0;0;0;-0.001582;-2.5e-06;3.955696e-09;32.27721;2000-01-01T00:23:19;[3.6075, 3.6, 3.6075, 3.6075, 3.639, 3.6465, 3.6345, 3.636];3.6465;5;3.6;1;3.622313;28.9785;wwww____;False;False;0;0;1;1;1;1
solar_pv_005;0;0;0;0;0;0;-0.001582;-2.5e-06;3.955696e-09;32.25356;2000-01-01T00:23:25;[3.6075, 3.6015, 3.6075, 3.6075, 3.639, 3.6465, 3.6345, 3.636];3.6465;5;3.6015;1;3.6225;28.98;wwww____;False;False;0;0;1;1;1;1
solar_pv_005;0;0;0;0;0;0;-0.001582;-2.5e-06;3.955696e-09;32.22994;2000-01-01T00:23:31;[3.6075, 3.6015, 3.6075, 3.6075, 3.639, 3.6465, 3.6345, 3.636];3.6465;5;3.6015;1;3.6225;28.98;wwww____;False;False;0;0;1;1;1;1
solar_pv_005;0;0;0;0;0;0;-0.001582;-2.5e-06;3.955696e-09;32.22994;2000-01-01T00:23:38;[3.6075, 3.6, 3.6075, 3.6075, 3.6375, 3.6465, 3.6345, 3.636];3.6465;5;3.6;1;3.622125;28.977;wwww____;False;False;0;0;1;1;1;1
solar_pv_005;0;0;0;0;0;0;-0.001582;-2.5e-06;3.955696e-09;32.0411;2000-01-01T00:23:44;[3.6075, 3.6, 3.6075, 3.6075, 3.639, 3.6465, 3.6345, 3.636];3.6465;5;3.6;1;3.622313;28.9785;wwww____;False;False;0;0;1;1;1;1
solar_pv_005;0;0;0;0;0;0;-0.001582;-2.5e-06;3.955696e-09;32.06466;2000-01-01T00:23:50;[3.6075, 3.6, 3.6075, 3.6075, 3.639, 3.6465, 3.6345, 3.636];3.6465;5;3.6;1;3.622313;28.9785;wwww____;False;False;0;0;1;1;1;1
solar_pv_005;0;0;0;0;0;0;-0.001582;-2.5e-06;3.955696e-09;32.20629;2000-01-01T00:23:56;[3.6075, 3.6015, 3.6075, 3.6075, 3.639, 3.6465, 3.6345, 3.636];3.6465;5;3.6015;1;3.6225;28.98;wwww____;False;False;0;0;1;1;1;1
solar_pv_005;0;0;0;0;0;0;-0.001582;-2.5e-06;3.955696e-09;32.20629;2000-01-01T00:24:02;[3.6075, 3.6, 3.6075, 3.6075, 3.639, 3.6465, 3.6345, 3.636];3.6465;5;3.6;1;3.622313;28.9785;wwww____;False;False;0;0;1;1;1;1
solar_pv_005;0;0;0;0;0;0;-0.001582;-2.5e-06;3.955696e-09;32.13546;2000-01-01T00:24:09;[3.6075, 3.6, 3.6075, 3.6075, 3.639, 3.6465, 3.6345, 3.636];3.6465;5;3.6;1;3.622313;28.9785;wwww____;False;False;0;0;1;1;1;1
solar_pv_005;0;0;0;0;0;0;-0.001582;-2.5e-06;3.955696e-09;32.0411;2000-01-01T00:24:15;[3.6075, 3.6, 3.6075, 3.6075, 3.639, 3.6465, 3.6345, 3.636];3.6465;5;3.6;1;3.622313;28.9785;wwww____;False;False;0;0;1;1;1;1
solar_pv_005;0;0;0;0;0;0;-0.001582;-2.5e-06;3.955696e-09;32.15905;2000-01-01T00:24:21;[3.6075, 3.6, 3.6075, 3.6075, 3.639, 3.6465, 3.6345, 3.636];3.6465;5;3.6;1;3.622313;28.9785;wwww____;False;False;0;0;1;1;1;1
solar_pv_005;0;0;0;0;0;0;-0.001582;-2.5e-06;3.955696e-09;32.01751;2000-01-01T00:24:27;[3.6075, 3.6, 3.6075, 3.6075, 3.639, 3.6465, 3.6345, 3.636];3.6465;5;3.6;1;3.622313;28.9785;wwww____;False;False;0;0;1;1;1;1
solar_pv_005;0;0;0;0;0;0;-0.001582;-2.5e-06;3.955696e-09;31.89977;2000-01-01T00:24:34;[3.6075, 3.6, 3.6075, 3.6075, 3.639, 3.6465, 3.6345, 3.636];3.6465;5;3.6;1;3.622313;28.9785;wwww____;False;False;0;0;1;1;1;1
solar_pv_005;0;0;0;0;0;0;-0.001582;-2.5e-06;3.955696e-09;31.9233;2000-01-01T00:24:40;[3.6075, 3.6, 3.6075, 3.6075, 3.639, 3.6465, 3.6345, 3.636];3.6465;5;3.6;1;3.622313;28.9785;wwww____;False;False;0;0;1;1;1;1
solar_pv_005;0;0;0;0;0;0;-0.001582;-2.5e-06;3.955696e-09;31.89977;2000-01-01T00:24:46;[3.6075, 3.6, 3.6075, 3.6075, 3.639, 3.6465, 3.6345, 3.636];3.6465;5;3.6;1;3.622313;28.9785;wwww____;False;False;0;0;1;1;1;1
solar_pv_005;0;0;0;0;0;0;-0.001582;-2.5e-06;3.955696e-09;31.78219;2000-01-01T00:24:52;[3.6075, 3.6, 3.6075, 3.6075, 3.639, 3.6465, 3.6345, 3.636];3.6465;5;3.6;1;3.622313;28.9785;wwww____;False;False;0;0;1;1;1;1
solar_pv_005;0;0;0;0;0;0;-0.001582;-2.5e-06;3.955696e-09;31.89977;2000-01-01T00:24:58;[3.6075, 3.6, 3.6075, 3.6075, 3.639, 3.6465, 3.6345, 3.636];3.6465;5;3.6;1;3.622313;28.9785;wwww____;False;False;0;0;1;1;1;1
solar_pv_005;0;0;0;0;0;0;-0.001582;-2.5e-06;3.955696e-09;31.87625;2000-01-01T00:25:05;[3.6075, 3.6, 3.6075, 3.6075, 3.639, 3.6465, 3.6345, 3.636];3.6465;5;3.6;1;3.622313;28.9785;wwww____;False;False;0;0;1;1;1;1
solar_pv_005;0;0;0;0;0;0;-0.001582;-2.5e-06;3.955696e-09;31.89977;2000-01-01T00:25:11;[3.6075, 3.6, 3.6075, 3.6075, 3.639, 3.6465, 3.6345, 3.636];3.6465;5;3.6;1;3.622313;28.9785;wwww____;False;False;0;0;1;1;1;1
solar_pv_005;0;0;0;0;0;0;-0.001582;-2.5e-06;3.955696e-09;31.87625;2000-01-01T00:25:17;[3.6075, 3.6, 3.6075, 3.6075, 3.639, 3.6465, 3.6345, 3.636];3.6465;5;3.6;1;3.622313;28.9785;wwww____;False;False;0;0;1;1;1;1
solar_pv_005;0;0;0;0;0;0;-0.001582;-2.5e-06;3.955696e-09;31.89977;2000-01-01T00:25:23;[3.6075, 3.6, 3.6075, 3.6075, 3.639, 3.6465, 3.6345, 3.636];3.6465;5;3.6;1;3.622313;28.9785;wwww____;False;False;0;0;1;1;1;1
solar_pv_005;0;0;0;0;0;0;-0.001582;-2.5e-06;3.955696e-09;31.89977;2000-01-01T00:25:30;[3.6075, 3.6, 3.6075, 3.6075, 3.639, 3.6465, 3.6345, 3.636];3.6465;5;3.6;1;3.622313;28.9785;wwww____;False;False;0;0;1;1;1;1
solar_pv_005;0;0;0;0;0;0;-0.001582;-2.5e-06;3.955696e-09;31.89977;2000-01-01T00:25:36;[3.6075, 3.6, 3.6075, 3.6075, 3.639, 3.6465, 3.6345, 3.636];3.6465;5;3.6;1;3.622313;28.9785;wwww____;False;False;0;0;1;1;1;1
solar_pv_005;0;0;0;0;0;0;-0.001582;-2.5e-06;3.955696e-09;31.89977;2000-01-01T00:25:42;[3.6075, 3.6, 3.6075, 3.6075, 3.639, 3.6465, 3.6345, 3.636];3.6465;5;3.6;1;3.622313;28.9785;wwww____;False;False;0;0;1;1;1;1
solar_pv_005;0;0;0;0;0;0;-0.001582;-2.5e-06;3.955696e-09;31.89977;2000-01-01T00:25:48;[3.6075, 3.6, 3.6075, 3.6075, 3.639, 3.6465, 3.6345, 3.636];3.6465;5;3.6;1;3.622313;28.9785;wwww____;False;False;0;0;1;1;1;1
solar_pv_005;0;0;0;0;0;0;-0.001582;-2.5e-06;3.955696e-09;31.89977;2000-01-01T00:25:54;[3.6075, 3.6, 3.6075, 3.6075, 3.639, 3.6465, 3.6345, 3.636];3.6465;5;3.6;1;3.622313;28.9785;wwww____;False;False;0;0;1;1;1;1
solar_pv_005;0;0;0;0;0;0;-0.001582;-2.5e-06;3.955696e-09;31.89977;2000-01-01T00:26:01;[3.6075, 3.6, 3.6075, 3.6075, 3.6375, 3.6465, 3.6345, 3.636];3.6465;5;3.6;1;3.622125;28.977;wwww____;False;False;0;0;1;1;1;1
solar_pv_005;0;0;0;0;0;0;-0.001582;-2.5e-06;3.955696e-09;31.89977;2000-01-01T00:26:07;[3.6075, 3.6, 3.6075, 3.6075, 3.639, 3.6465, 3.6345, 3.636];3.6465;5;3.6;1;3.622313;28.9785;wwww____;False;False;0;0;1;1;1;1
solar_pv_005;0;0;0;0;0;0;-0.001582;-2.5e-06;3.955696e-09;31.78219;2000-01-01T00:26:13;[3.6075, 3.6, 3.6075, 3.6075, 3.639, 3.6465, 3.6345, 3.636];3.6465;5;3.6;1;3.622313;28.9785;wwww____;False;False;0;0;1;1;1;1
solar_pv_005;0;0;0;0;0;0;-0.001582;-2.5e-06;3.955696e-09;31.89977;2000-01-01T00:26:19;[3.6075, 3.6, 3.6075, 3.6075, 3.639, 3.6465, 3.6345, 3.636];3.6465;5;3.6;1;3.622313;28.9785;wwww____;False;False;0;0;1;1;1;1
solar_pv_005;0;0;0;0;0;0;-0.001582;-2.5e-06;3.955696e-09;31.89977;2000-01-01T00:26:25;[3.6075, 3.6, 3.6075, 3.6075, 3.639, 3.6465, 3.6345, 3.636];3.6465;5;3.6;1;3.622313;28.9785;wwww____;False;False;0;0;1;1;1;1
solar_pv_005;0;0;0;0;0;0;-0.001582;-2.5e-06;3.955696e-09;31.89977;2000-01-01T00:26:32;[3.6075, 3.6, 3.6075, 3.6075, 3.639, 3.6465, 3.6345, 3.636];3.6465;5;3.6;1;3.622313;28.9785;wwww____;False;False;0;0;1;1;1;1
solar_pv_005;0;0;0;0;0;0;-0.001582;-2.5e-06;3.955696e-09;31.89977;2000-01-01T00:26:38;[3.6075, 3.6, 3.6075, 3.6075, 3.639, 3.6465, 3.6345, 3.636];3.6465;5;3.6;1;3.622313;28.9785;wwww____;False;False;0;0;1;1;1;1
solar_pv_005;0;0;0;0;0;0;-0.001582;-2.5e-06;3.955696e-09;31.87625;2000-01-01T00:26:44;[3.6075, 3.6, 3.6075, 3.6075, 3.639, 3.6465, 3.6345, 3.636];3.6465;5;3.6;1;3.622313;28.9785;wwww____;False;False;0;0;1;1;1;1
solar_pv_005;0;0;0;0;0;0;-0.001582;-2.5e-06;3.955696e-09;31.87625;2000-01-01T00:26:50;[3.6075, 3.6, 3.6075, 3.6075, 3.6375, 3.6465, 3.6345, 3.636];3.6465;5;3.6;1;3.622125;28.977;wwww____;False;False;0;0;1;1;1;1
solar_pv_005;0;0;0;0;0;0;-0.001582;-2.5e-06;3.955696e-09;31.89977;2000-01-01T00:26:57;[3.6075, 3.6, 3.6075, 3.6075, 3.639, 3.6465, 3.6345, 3.636];3.6465;5;3.6;1;3.622313;28.9785;wwww____;False;False;0;0;1;1;1;1
solar_pv_005;0;0;0;0;0;0;-0.001582;-2.5e-06;3.955696e-09;31.89977;2000-01-01T00:27:03;[3.6075, 3.6, 3.6075, 3.6075, 3.639, 3.6465, 3.6345, 3.636];3.6465;5;3.6;1;3.622313;28.9785;wwww____;False;False;0;0;1;1;1;1
solar_pv_005;0;0;0;0;0;0;-0.001582;-2.5e-06;3.955696e-09;31.89977;2000-01-01T00:27:09;[3.6075, 3.6, 3.6075, 3.6075, 3.639, 3.6465, 3.6345, 3.636];3.6465;5;3.6;1;3.622313;28.9785;wwww____;False;False;0;0;1;1;1;1
solar_pv_005;0;0;0;0;0;0;-0.001582;-2.5e-06;3.955696e-09;31.89977;2000-01-01T00:27:15;[3.6075, 3.6, 3.6075, 3.6075, 3.6375, 3.6465, 3.6345, 3.636];3.6465;5;3.6;1;3.622125;28.977;wwww____;False;False;0;0;1;1;1;1
solar_pv_005;0;0;0;0;0;0;-0.001582;-2.5e-06;3.955696e-09;31.89977;2000-01-01T00:27:21;[3.6075, 3.6, 3.6075, 3.6075, 3.639, 3.6465, 3.6345, 3.636];3.6465;5;3.6;1;3.622313;28.9785;wwww____;False;False;0;0;1;1;1;1
solar_pv_005;0;0;0;0;0;0;-0.001582;-2.5e-06;3.955696e-09;31.9233;2000-01-01T00:27:28;[3.6075, 3.6, 3.6075, 3.6075, 3.639, 3.6465, 3.6345, 3.636];3.6465;5;3.6;1;3.622313;28.9785;wwww____;False;False;0;0;1;1;1;1
solar_pv_005;0;0;0;0;0;0;-0.001582;-2.5e-06;3.955696e-09;31.89977;2000-01-01T00:27:34;[3.6075, 3.6, 3.6075, 3.6075, 3.6375, 3.6465, 3.6345, 3.636];3.6465;5;3.6;1;3.622125;28.977;wwww____;False;False;0;0;1;1;1;1
solar_pv_005;0;0;0;0;0;0;-0.001582;-2.5e-06;3.955696e-09;31.82922;2000-01-01T00:27:40;[3.6075, 3.6, 3.6075, 3.6075, 3.6375, 3.6465, 3.6345, 3.636];3.6465;5;3.6;1;3.622125;28.977;wwww____;False;False;0;0;1;1;1;1
solar_pv_005;0;0;0;0;0;0;-0.001582;-2.5e-06;3.955696e-09;31.89977;2000-01-01T00:27:46;[3.6075, 3.6, 3.6075, 3.6075, 3.6375, 3.6465, 3.6345, 3.636];3.6465;5;3.6;1;3.622125;28.977;wwww____;False;False;0;0;1;1;1;1
solar_pv_005;0;0;0;0;0;0;-0.001582;-2.5e-06;3.955696e-09;31.66479;2000-01-01T00:27:53;[3.6075, 3.6, 3.6075, 3.6075, 3.6375, 3.6465, 3.6345, 3.636];3.6465;5;3.6;1;3.622125;28.977;wwww____;False;False;0;0;1;1;1;1
solar_pv_005;0;0;0;0;0;0;-0.001582;-2.5e-06;3.955696e-09;31.82922;2000-01-01T00:27:59;[3.6075, 3.6, 3.6075, 3.6075, 3.6375, 3.6465, 3.633, 3.636];3.6465;5;3.6;1;3.621938;28.9755;wwww____;False;False;0;0;1;1;1;1
solar_pv_005;0;0;0;0;0;0;-0.001582;-2.5e-06;3.955696e-09;31.54757;2000-01-01T00:28:05;[3.6075, 3.6, 3.6075, 3.6075, 3.6375, 3.6465, 3.6345, 3.636];3.6465;5;3.6;1;3.622125;28.977;wwww____;False;False;0;0;1;1;1;1
solar_pv_005;0;0;0;0;0;0;-0.001582;-2.5e-06;3.955696e-09;31.54757;2000-01-01T00:28:11;[3.6075, 3.6, 3.6075, 3.6075, 3.6375, 3.6465, 3.6345, 3.636];3.6465;5;3.6;1;3.622125;28.977;wwww____;False;False;0;0;1;1;1;1
solar_pv_005;0;0;0;0;0;0;-0.001582;-2.5e-06;3.955696e-09;31.57101;2000-01-01T00:28:17;[3.6075, 3.6, 3.6075, 3.6075, 3.6375, 3.6465, 3.6345, 3.636];3.6465;5;3.6;1;3.622125;28.977;wwww____;False;False;0;0;1;1;1;1
solar_pv_005;0;0;0;0;0;0;-0.001582;-2.5e-06;3.955696e-09;31.52416;2000-01-01T00:28:24;[3.606, 3.6, 3.6075, 3.6075, 3.6375, 3.6465, 3.633, 3.636];3.6465;5;3.6;1;3.62175;28.974;wwww____;False;False;0;0;1;1;1;1
solar_pv_005;0;0;0;0;0;0;-0.001582;-2.5e-06;3.955696e-09;31.57101;2000-01-01T00:28:30;[3.6075, 3.6, 3.6075, 3.6075, 3.6375, 3.6465, 3.633, 3.636];3.6465;5;3.6;1;3.621938;28.9755;wwww____;False;False;0;0;1;1;1;1
solar_pv_005;0;0;0;0;0;0;-0.001582;-2.5e-06;3.955696e-09;31.66479;2000-01-01T00:28:36;[3.6075, 3.6, 3.6075, 3.6075, 3.6375, 3.6465, 3.633, 3.636];3.6465;5;3.6;1;3.621938;28.9755;wwww____;False;False;0;0;1;1;1;1
solar_pv_005;0;0;0;0;0;0;-0.001582;-2.5e-06;3.955696e-09;31.50073;2000-01-01T00:28:42;[3.6075, 3.6, 3.6075, 3.6075, 3.6375, 3.6465, 3.633, 3.636];3.6465;5;3.6;1;3.621938;28.9755;wwww____;False;False;0;0;1;1;1;1
solar_pv_005;0;0;0;0;0;0;-0.001582;-2.5e-06;3.955696e-09;31.66479;2000-01-01T00:28:48;[3.6075, 3.6, 3.6075, 3.6075, 3.6375, 3.6465, 3.633, 3.636];3.6465;5;3.6;1;3.621938;28.9755;wwww____;False;False;0;0;1;1;1;1
solar_pv_005;0;0;0;0;0;0;-0.001582;-2.5e-06;3.955696e-09;31.54757;2000-01-01T00:28:55;[3.6075, 3.6015, 3.6075, 3.6075, 3.639, 3.6465, 3.633, 3.636];3.6465;5;3.6015;1;3.622312;28.9785;wwww____;False;False;0;0;1;1;1;1
solar_pv_005;0;0;0;0;0;0;-0.001582;-2.5e-06;3.955696e-09;31.52416;2000-01-01T00:29:01;[3.6075, 3.6015, 3.6075, 3.6075, 3.6375, 3.6465, 3.633, 3.636];3.6465;5;3.6015;1;3.622125;28.977;wwww____;False;False;0;0;1;1;1;1
solar_pv_005;0;0;0;0;0;0;-0.001582;-2.5e-06;3.955696e-09;31.64135;2000-01-01T00:29:07;[3.606, 3.6, 3.6075, 3.6075, 3.6375, 3.6465, 3.633, 3.636];3.6465;5;3.6;1;3.62175;28.974;wwww____;False;False;0;0;1;1;1;1
solar_pv_005;0;0;0;0;0;0;-0.001582;-2.5e-06;3.955696e-09;31.66479;2000-01-01T00:29:13;[3.6075, 3.6, 3.6075, 3.6075, 3.6375, 3.6465, 3.6345, 3.636];3.6465;5;3.6;1;3.622125;28.977;wwww____;False;False;0;0;1;1;1;1
solar_pv_005;0;0;0;0;0;0;-0.001582;-2.5e-06;3.955696e-09;31.59445;2000-01-01T00:29:20;[3.6075, 3.6, 3.6075, 3.6075, 3.6375, 3.6465, 3.633, 3.636];3.6465;5;3.6;1;3.621938;28.9755;wwww____;False;False;0;0;1;1;1;1
solar_pv_005;0;0;0;0;0;0;-0.001582;-2.5e-06;3.955696e-09;31.68826;2000-01-01T00:29:26;[3.6075, 3.6, 3.6075, 3.6075, 3.6375, 3.6465, 3.633, 3.636];3.6465;5;3.6;1;3.621938;28.9755;wwww____;False;False;0;0;1;1;1;1
solar_pv_005;0;0;0;0;0;0;-0.001582;-2.5e-06;3.955696e-09;31.54757;2000-01-01T00:29:32;[3.6075, 3.6, 3.6075, 3.6075, 3.6375, 3.6465, 3.633, 3.636];3.6465;5;3.6;1;3.621938;28.9755;wwww____;False;False;0;0;1;1;1;1
solar_pv_005;0;0;0;0;0;0;-0.001582;-2.5e-06;3.955696e-09;31.50073;2000-01-01T00:29:38;[3.6075, 3.6, 3.606, 3.6075, 3.6375, 3.6465, 3.633, 3.636];3.6465;5;3.6;1;3.62175;28.974;wwww____;False;False;0;0;1;1;1;1
solar_pv_005;0;0;0;0;0;0;-0.001582;-2.5e-06;3.955696e-09;31.57101;2000-01-01T00:29:44;[3.6075, 3.6015, 3.6075, 3.6075, 3.6375, 3.6465, 3.633, 3.636];3.6465;5;3.6015;1;3.622125;28.977;wwww____;False;False;0;0;1;1;1;1
solar_pv_005;0;0;0;0;0;0;-0.001582;-2.5e-06;3.955696e-09;31.54757;2000-01-01T00:29:51;[3.6075, 3.6, 3.606, 3.6075, 3.6375, 3.6465, 3.633, 3.636];3.6465;5;3.6;1;3.62175;28.974;wwww____;False;False;0;0;1;1;1;1
solar_pv_005;0;0;0;0;0;0;-0.001582;-2.5e-06;3.955696e-09;31.50073;2000-01-01T00:29:57;[3.6075, 3.6, 3.6075, 3.6075, 3.6375, 3.6465, 3.633, 3.636];3.6465;5;3.6;1;3.621938;28.9755;wwww____;False;False;0;0;1;1;1;1
solar_pv_005;0;0;0;0;0;0;-0.001582;-2.5e-06;3.955696e-09;31.52416;2000-01-01T00:30:03;[3.6075, 3.6, 3.6075, 3.6075, 3.6375, 3.6465, 3.633, 3.636];3.6465;5;3.6;1;3.621938;28.9755;wwww____;False;False;0;0;1;1;1;1
solar_pv_005;0;0;0;0;0;0;-0.001582;-2.5e-06;3.955696e-09;31.54757;2000-01-01T00:30:09;[3.6075, 3.6, 3.6075, 3.6075, 3.6375, 3.6465, 3.633, 3.636];3.6465;5;3.6;1;3.621938;28.9755;wwww____;False;False;0;0;1;1;1;1
solar_pv_005;0;0;0;0;0;0;-0.001582;-2.5e-06;3.955696e-09;31.57101;2000-01-01T00:30:15;[3.6075, 3.6, 3.6075, 3.6075, 3.6375, 3.6465, 3.633, 3.636];3.6465;5;3.6;1;3.621938;28.9755;wwww____;False;False;0;0;1;1;1;1
solar_pv_005;0;0;0;0;0;0;-0.001582;-2.5e-06;3.955696e-09;31.52416;2000-01-01T00:30:22;[3.6075, 3.6, 3.606, 3.6075, 3.6375, 3.6465, 3.633, 3.636];3.6465;5;3.6;1;3.62175;28.974;wwww____;False;False;0;0;1;1;1;1
solar_pv_005;0;0;0;0;0;0;-0.001582;-2.5e-06;3.955696e-09;31.59445;2000-01-01T00:30:28;[3.6075, 3.6, 3.6075, 3.6075, 3.6375, 3.6465, 3.633, 3.636];3.6465;5;3.6;1;3.621938;28.9755;wwww____;False;False;0;0;1;1;1;1
solar_pv_005;0;0;0;0;0;0;-0.001582;-2.5e-06;3.955696e-09;31.64135;2000-01-01T00:30:34;[3.6075, 3.6, 3.6075, 3.6075, 3.6375, 3.6465, 3.633, 3.636];3.6465;5;3.6;1;3.621938;28.9755;wwww____;False;False;0;0;1;1;1;1
solar_pv_005;0;0;0;0;0;0;-0.001582;-2.5e-06;3.955696e-09;31.54757;2000-01-01T00:30:40;[3.6075, 3.6015, 3.6075, 3.6075, 3.6375, 3.6465, 3.633, 3.636];3.6465;5;3.6015;1;3.622125;28.977;wwww____;False;False;0;0;1;1;1;1
solar_pv_005;0;0;0;0;0;0;-0.001582;-2.5e-06;3.955696e-09;31.52416;2000-01-01T00:30:47;[3.6075, 3.6, 3.6075, 3.6075, 3.6375, 3.6465, 3.633, 3.636];3.6465;5;3.6;1;3.621938;28.9755;wwww____;False;False;0;0;1;1;1;1
solar_pv_005;0;0;0;0;0;0;-0.001582;-2.5e-06;3.955696e-09;31.61788;2000-01-01T00:30:53;[3.606, 3.6015, 3.6075, 3.6075, 3.6375, 3.645, 3.633, 3.636];3.645;5;3.6015;1;3.62175;28.974;wwww____;False;False;0;0;1;1;1;1
solar_pv_005;0;0;0;0;0;0;-0.001582;-2.5e-06;3.955696e-09;31.52416;2000-01-01T00:30:59;[3.6075, 3.6, 3.6075, 3.6075, 3.6375, 3.6465, 3.633, 3.6345];3.6465;5;3.6;1;3.62175;28.974;wwww____;False;False;0;0;1;1;1;1
solar_pv_005;0;0;0;0;0;0;-0.001582;-2.5e-06;3.955696e-09;31.66479;2000-01-01T00:31:05;[3.6075, 3.6, 3.6075, 3.6075, 3.6375, 3.6465, 3.6345, 3.636];3.6465;5;3.6;1;3.622125;28.977;wwww____;False;False;0;0;1;1;1;1
solar_pv_005;0;0;0;0;0;0;-0.001582;-2.5e-06;3.955696e-09;31.59445;2000-01-01T00:31:11;[3.6075, 3.6, 3.606, 3.6075, 3.6375, 3.6465, 3.633, 3.636];3.6465;5;3.6;1;3.62175;28.974;wwww____;False;False;0;0;1;1;1;1
solar_pv_005;0;0;0;0;0;0;-0.001582;-2.5e-06;3.955696e-09;31.64135;2000-01-01T00:31:18;[3.6075, 3.6, 3.6075, 3.6075, 3.6375, 3.6465, 3.633, 3.636];3.6465;5;3.6;1;3.621938;28.9755;wwww____;False;False;0;0;1;1;1;1
solar_pv_005;0;0;0;0;0;0;-0.001582;-2.5e-06;3.955696e-09;31.54757;2000-01-01T00:31:24;[3.6075, 3.6, 3.6075, 3.6075, 3.6375, 3.6465, 3.633, 3.636];3.6465;5;3.6;1;3.621938;28.9755;wwww____;False;False;0;0;1;1;1;1
solar_pv_005;0;0;0;0;0;0;-0.001582;-2.5e-06;3.955696e-09;31.61788;2000-01-01T00:31:30;[3.6075, 3.6, 3.6075, 3.6075, 3.6375, 3.6465, 3.6345, 3.636];3.6465;5;3.6;1;3.622125;28.977;wwww____;False;False;0;0;1;1;1;1
solar_pv_005;0;0;0;0;0;0;-0.001582;-2.5e-06;3.955696e-09;31.57101;2000-01-01T00:31:36;[3.6075, 3.6, 3.6075, 3.6075, 3.6375, 3.6465, 3.6345, 3.636];3.6465;5;3.6;1;3.622125;28.977;wwww____;False;False;0;0;1;1;1;1
solar_pv_005;0;0;0;0;0;0;-0.001582;-2.5e-06;3.955696e-09;31.66479;2000-01-01T00:31:43;[3.6075, 3.6, 3.6075, 3.6075, 3.6375, 3.6465, 3.6345, 3.636];3.6465;5;3.6;1;3.622125;28.977;wwww____;False;False;0;0;1;1;1;1
solar_pv_005;0;0;0;0;0;0;-0.001582;-2.5e-06;3.955696e-09;31.38375;2000-01-01T00:31:49;[3.6075, 3.6, 3.6075, 3.6075, 3.6375, 3.645, 3.6345, 3.636];3.645;5;3.6;1;3.621938;28.9755;wwww____;False;False;0;0;1;1;1;1
solar_pv_005;0;0;0;0;0;0;-0.001582;-2.5e-06;3.955696e-09;31.68826;2000-01-01T00:31:55;[3.606, 3.6, 3.606, 3.6075, 3.6375, 3.6465, 3.6345, 3.636];3.6465;5;3.6;1;3.62175;28.974;wwww____;False;False;0;0;1;1;1;1
solar_pv_005;0;0;0;0;0;0;-0.001582;-2.5e-06;3.955696e-09;31.50073;2000-01-01T00:32:01;[3.6075, 3.6, 3.606, 3.6075, 3.6375, 3.6465, 3.6345, 3.636];3.6465;5;3.6;1;3.621938;28.9755;wwww____;False;False;0;0;1;1;1;1
solar_pv_005;0;0;0;0;0;0;-0.001582;-2.5e-06;3.955696e-09;31.66479;2000-01-01T00:32:07;[3.6075, 3.6, 3.6075, 3.6075, 3.6375, 3.645, 3.6345, 3.636];3.645;5;3.6;1;3.621938;28.9755;wwww____;False;False;0;0;1;1;1;1
solar_pv_005;0;0;0;0;0;0;-0.001582;-2.5e-06;3.955696e-09;31.59445;2000-01-01T00:32:14;[3.6075, 3.6, 3.6075, 3.6075, 3.6375, 3.6465, 3.6345, 3.6345];3.6465;5;3.6;1;3.621938;28.9755;wwww____;False;False;0;0;1;1;1;1
solar_pv_005;0;0;0;0;0;0;-0.001582;-2.5e-06;3.955696e-09;31.68826;2000-01-01T00:32:20;[3.6075, 3.6015, 3.6075, 3.6075, 3.6375, 3.6465, 3.6345, 3.6345];3.6465;5;3.6015;1;3.622125;28.977;wwww____;False;False;0;0;1;1;1;1
solar_pv_005;0;0;0;0;0;0;-0.001582;-2.5e-06;3.955696e-09;31.57101;2000-01-01T00:32:26;[3.606, 3.6, 3.6075, 3.6075, 3.6375, 3.6465, 3.6345, 3.636];3.6465;5;3.6;1;3.621938;28.9755;wwww____;False;False;0;0;1;1;1;1
solar_pv_005;0;0;0;0;0;0;-0.001582;-2.5e-06;3.955696e-09;31.57101;2000-01-01T00:32:32;[3.6075, 3.6, 3.6075, 3.6075, 3.6375, 3.6465, 3.6345, 3.636];3.6465;5;3.6;1;3.622125;28.977;wwww____;False;False;0;0;1;1;1;1
solar_pv_005;0;0;0;0;0;0;-0.001582;-2.5e-06;3.955696e-09;31.61788;2000-01-01T00:32:38;[3.6075, 3.6, 3.6075, 3.6075, 3.6375, 3.645, 3.6345, 3.6345];3.645;5;3.6;1;3.62175;28.974;wwww____;False;False;0;0;1;1;1;1
solar_pv_005;0;0;0;0;0;0;-0.001582;-2.5e-06;3.955696e-09;31.68826;2000-01-01T00:32:45;[3.6075, 3.6, 3.6075, 3.6075, 3.6375, 3.6465, 3.6345, 3.6345];3.6465;5;3.6;1;3.621938;28.9755;wwww____;False;False;0;0;1;1;1;1
solar_pv_005;0;0;0;0;0;0;-0.001582;-2.5e-06;3.955696e-09;31.68826;2000-01-01T00:32:51;[3.6075, 3.6, 3.6075, 3.6075, 3.6375, 3.6465, 3.6345, 3.636];3.6465;5;3.6;1;3.622125;28.977;wwww____;False;False;0;0;1;1;1;1
solar_pv_005;0;0;0;0;0;0;-0.001582;-2.5e-06;3.955696e-09;31.66479;2000-01-01T00:32:57;[3.6075, 3.6015, 3.606, 3.6075, 3.6375, 3.6465, 3.6345, 3.6345];3.6465;5;3.6015;1;3.621938;28.9755;wwww____;False;False;0;0;1;1;1;1
solar_pv_005;0;0;0;0;0;0;-0.001582;-2.5e-06;3.955696e-09;31.66479;2000-01-01T00:33:03;[3.6075, 3.6, 3.6075, 3.6075, 3.6375, 3.6465, 3.6345, 3.636];3.6465;5;3.6;1;3.622125;28.977;wwww____;False;False;0;0;1;1;1;1
solar_pv_005;0;0;0;0;0;0;-0.001582;-2.5e-06;3.955696e-09;31.66479;2000-01-01T00:33:10;[3.6075, 3.6015, 3.6075, 3.6075, 3.6375, 3.6465, 3.6345, 3.6345];3.6465;5;3.6015;1;3.622125;28.977;wwww____;False;False;0;0;1;1;1;1
solar_pv_005;0;0;0;0;0;0;-0.001582;-2.5e-06;3.955696e-09;31.73522;2000-01-01T00:33:16;[3.6075, 3.6, 3.6075, 3.6075, 3.6375, 3.6465, 3.6345, 3.636];3.6465;5;3.6;1;3.622125;28.977;wwww____;False;False;0;0;1;1;1;1
solar_pv_005;0;0;0;0;0;0;-0.001582;-2.5e-06;3.955696e-09;31.59445;2000-01-01T00:33:22;[3.6075, 3.6, 3.6075, 3.6075, 3.6375, 3.6465, 3.6345, 3.636];3.6465;5;3.6;1;3.622125;28.977;wwww____;False;False;0;0;1;1;1;1
solar_pv_005;0;0;0;0;0;0;-0.001582;-2.5e-06;3.955696e-09;31.52416;2000-01-01T00:33:28;[3.6075, 3.6, 3.6075, 3.6075, 3.6375, 3.6465, 3.6345, 3.6345];3.6465;5;3.6;1;3.621938;28.9755;wwww____;False;False;0;0;1;1;1;1
solar_pv_005;0;0;0;0;0;0;-0.001582;-2.5e-06;3.955696e-09;31.59445;2000-01-01T00:33:34;[3.6075, 3.6, 3.6075, 3.6075, 3.6375, 3.645, 3.6345, 3.6345];3.645;5;3.6;1;3.62175;28.974;wwww____;False;False;0;0;1;1;1;1
solar_pv_005;0;0;0;0;0;0;-0.001582;-2.5e-06;3.955696e-09;31.54757;2000-01-01T00:33:41;[3.6075, 3.6, 3.6075, 3.6075, 3.6375, 3.6465, 3.6345, 3.6345];3.6465;5;3.6;1;3.621938;28.9755;wwww____;False;False;0;0;1;1;1;1
solar_pv_005;0;0;0;0;0;0;-0.001582;-2.5e-06;3.955696e-09;31.57101;2000-01-01T00:33:47;[3.6075, 3.6015, 3.6075, 3.6075, 3.6375, 3.6465, 3.6345, 3.6345];3.6465;5;3.6015;1;3.622125;28.977;wwww____;False;False;0;0;1;1;1;1
solar_pv_005;0;0;0;0;0;0;-0.001582;-2.5e-06;3.955696e-09;31.54757;2000-01-01T00:33:53;[3.6075, 3.6015, 3.606, 3.6075, 3.6375, 3.6465, 3.6345, 3.6345];3.6465;5;3.6015;1;3.621938;28.9755;wwww____;False;False;0;0;1;1;1;1
solar_pv_005;0;0;0;0;0;0;-0.001582;-2.5e-06;3.955696e-09;31.47735;2000-01-01T00:33:59;[3.6075, 3.6, 3.6075, 3.6075, 3.6375, 3.6465, 3.6345, 3.6345];3.6465;5;3.6;1;3.621938;28.9755;wwww____;False;False;0;0;1;1;1;1
solar_pv_005;0;0;0;0;0;0;-0.001582;-2.5e-06;3.955696e-09;31.47735;2000-01-01T00:34:05;[3.6075, 3.6, 3.6075, 3.6075, 3.6375, 3.6465, 3.633, 3.6345];3.6465;5;3.6;1;3.62175;28.974;wwww____;False;False;0;0;1;1;1;1
solar_pv_005;0;0;0;0;0;0;-0.001582;-2.5e-06;3.955696e-09;31.38375;2000-01-01T00:34:12;[3.6075, 3.6, 3.6075, 3.6075, 3.6375, 3.645, 3.6345, 3.6345];3.645;5;3.6;1;3.62175;28.974;wwww____;False;False;0;0;1;1;1;1
solar_pv_005;0;0;0;0;0;0;-0.001582;-2.5e-06;3.955696e-09;31.50073;2000-01-01T00:34:18;[3.6075, 3.6, 3.6075, 3.6075, 3.6375, 3.6465, 3.633, 3.6345];3.6465;5;3.6;1;3.62175;28.974;wwww____;False;False;0;0;1;1;1;1
solar_pv_005;0;0;0;0;0;0;-0.001582;-2.5e-06;3.955696e-09;31.54757;2000-01-01T00:34:24;[3.6075, 3.6, 3.6075, 3.6075, 3.6375, 3.645, 3.6345, 3.6345];3.645;5;3.6;1;3.62175;28.974;wwww____;False;False;0;0;1;1;1;1
solar_pv_005;0;0;0;0;0;0;-0.001582;-2.5e-06;3.955696e-09;31.54757;2000-01-01T00:34:30;[3.6075, 3.6, 3.6075, 3.6075, 3.6375, 3.6465, 3.6345, 3.6345];3.6465;5;3.6;1;3.621938;28.9755;wwww____;False;False;0;0;1;1;1;1
solar_pv_005;0;0;0;0;0;0;-0.001582;-2.5e-06;3.955696e-09;31.52416;2000-01-01T00:34:37;[3.6075, 3.6, 3.6075, 3.6075, 3.6375, 3.6465, 3.6345, 3.636];3.6465;5;3.6;1;3.622125;28.977;wwww____;False;False;0;0;1;1;1;1
solar_pv_005;0;0;0;0;0;0;-0.001582;-2.5e-06;3.955696e-09;31.52416;2000-01-01T00:34:43;[3.6075, 3.6, 3.6075, 3.6075, 3.6375, 3.6465, 3.6345, 3.636];3.6465;5;3.6;1;3.622125;28.977;wwww____;False;False;0;0;1;1;1;1
solar_pv_005;0;0;0;0;0;0;-0.001582;-2.5e-06;3.955696e-09;31.52416;2000-01-01T00:34:49;[3.6075, 3.6, 3.6075, 3.6075, 3.6375, 3.645, 3.633, 3.6345];3.645;5;3.6;1;3.621563;28.9725;wwww____;False;False;0;0;1;1;1;1
solar_pv_005;0;0;0;0;0;0;-0.001582;-2.5e-06;3.955696e-09;31.40716;2000-01-01T00:34:55;[3.6075, 3.6, 3.6075, 3.6075, 3.6375, 3.645, 3.6345, 3.636];3.645;5;3.6;1;3.621938;28.9755;wwww____;False;False;0;0;1;1;1;1
solar_pv_005;0;0;0;0;0;0;-0.001582;-2.5e-06;3.955696e-09;31.47735;2000-01-01T00:35:01;[3.6075, 3.6, 3.6075, 3.6075, 3.6375, 3.6465, 3.633, 3.636];3.6465;5;3.6;1;3.621938;28.9755;wwww____;False;False;0;0;1;1;1;1
solar_pv_005;1;0;0;0;0;0;-0.001582;-2.5e-06;3.955696e-09;31.45394;2000-01-01T00:35:08;[3.6075, 3.6, 3.6075, 3.6075, 3.6375, 3.6465, 3.6345, 3.6345];3.6465;5;3.6;1;3.621938;28.9755;wwww____;True;False;0;0;1;1;1;1
solar_pv_005;1;0;0;0;0;0;-0.001582;-2.5e-06;3.955696e-09;31.50073;2000-01-01T00:35:14;[3.612, 3.606, 3.612, 3.612, 3.654, 3.651, 3.639, 3.6405];3.654;4;3.606;1;3.628312;29.0265;wwww____;True;False;0;0;1;1;1;1
solar_pv_005;1;0;0;0;0;0;-0.001582;-2.5e-06;3.955696e-09;31.50073;2000-01-01T00:35:20;[3.6135, 3.606, 3.6135, 3.612, 3.654, 3.6525, 3.639, 3.6405];3.654;4;3.606;1;3.628875;29.031;wwww____;True;False;0;0;1;1;1;1
solar_pv_005;1;0;0;0;0;0;-0.001582;-2.5e-06;3.955696e-09;31.24362;2000-01-01T00:35:26;[3.6135, 3.6075, 3.6135, 3.6135, 3.654, 3.6525, 3.6405, 3.642];3.654;4;3.6075;1;3.629625;29.037;wwww____;True;False;0;0;1;1;1;1
solar_pv_005;1;0;0;0;0;0;-0.001582;-2.5e-06;3.955696e-09;31.47735;2000-01-01T00:35:32;[3.6135, 3.6075, 3.6135, 3.6135, 3.6555, 3.6525, 3.6405, 3.642];3.6555;4;3.6075;1;3.629812;29.0385;wwww____;True;False;0;0;1;1;1;1
solar_pv_005;1;0;0;0;0;0;-0.001582;-2.5e-06;3.955696e-09;31.52416;2000-01-01T00:35:39;[3.6135, 3.6075, 3.615, 3.615, 3.6555, 3.6525, 3.642, 3.642];3.6555;4;3.6075;1;3.630375;29.043;wwww____;True;False;0;0;1;1;1;1
solar_pv_005;1;0;0;0;0;0;-0.001582;-2.5e-06;3.955696e-09;31.64135;2000-01-01T00:35:45;[3.615, 3.609, 3.615, 3.615, 3.657, 3.654, 3.642, 3.6435];3.657;4;3.609;1;3.631312;29.0505;wwww____;True;False;0;0;1;1;1;1
solar_pv_005;1;0;0;0;0;0;-0.001582;-2.5e-06;3.955696e-09;31.57101;2000-01-01T00:35:51;[3.615, 3.6075, 3.615, 3.615, 3.6555, 3.654, 3.642, 3.6435];3.6555;4;3.6075;1;3.630937;29.0475;wwww____;True;False;0;0;1;1;1;1
solar_pv_005;1;0;0;0;0;0;-0.001582;-2.5e-06;3.955696e-09;31.52416;2000-01-01T00:35:57;[3.615, 3.609, 3.615, 3.615, 3.657, 3.654, 3.642, 3.6435];3.657;4;3.609;1;3.631312;29.0505;wwww____;True;False;0;0;1;1;1;1
solar_pv_005;1;0;0;0;0;0;-0.001582;-2.5e-06;3.955696e-09;31.52416;2000-01-01T00:36:03;[3.615, 3.609, 3.615, 3.615, 3.657, 3.654, 3.642, 3.6435];3.657;4;3.609;1;3.631312;29.0505;wwww____;True;False;0;0;1;1;1;1
solar_pv_005;1;0;0;0;0;0;-0.001582;-2.5e-06;3.955696e-09;31.50073;2000-01-01T00:36:10;[3.615, 3.609, 3.6165, 3.6165, 3.657, 3.6555, 3.6435, 3.645];3.657;4;3.609;1;3.63225;29.058;wwww____;True;False;0;0;1;1;1;1
solar_pv_005;1;0;0;0;0;0;-0.001582;-2.5e-06;3.955696e-09;31.50073;2000-01-01T00:36:16;[3.6165, 3.609, 3.6165, 3.6165, 3.6585, 3.6555, 3.6435, 3.645];3.6585;4;3.609;1;3.632625;29.061;wwww____;True;False;0;0;1;1;1;1
solar_pv_005;1;0;0;0;0;0;-0.001582;-2.5e-06;3.955696e-09;31.43054;2000-01-01T00:36:22;[3.6165, 3.609, 3.6165, 3.6165, 3.6585, 3.6555, 3.6435, 3.645];3.6585;4;3.609;1;3.632625;29.061;wwww____;True;False;0;0;1;1;1;1
solar_pv_005;1;0;0;0;0;0;-0.001582;-2.5e-06;3.955696e-09;31.45394;2000-01-01T00:36:28;[3.6165, 3.6105, 3.6165, 3.6165, 3.6585, 3.6555, 3.6435, 3.645];3.6585;4;3.6105;1;3.632813;29.0625;wwww____;True;False;0;0;1;1;1;1
solar_pv_005;1;0;0;0;0;0;-0.001582;-2.5e-06;3.955696e-09;31.38375;2000-01-01T00:36:34;[3.6165, 3.6105, 3.6165, 3.6165, 3.6585, 3.657, 3.6435, 3.6465];3.6585;4;3.6105;1;3.633187;29.0655;wwww____;True;False;0;0;1;1;1;1
solar_pv_005;1;0;0;0;0;0;-0.001582;-2.5e-06;3.955696e-09;31.43054;2000-01-01T00:36:41;[3.6165, 3.6105, 3.618, 3.618, 3.6585, 3.6555, 3.645, 3.645];3.6585;4;3.6105;1;3.633375;29.067;wwww____;True;False;0;0;1;1;1;1
solar_pv_005;1;0;0;0;0;0;-0.001582;-2.5e-06;3.955696e-09;31.36038;2000-01-01T00:36:47;[3.618, 3.6105, 3.618, 3.618, 3.6585, 3.657, 3.645, 3.645];3.6585;4;3.6105;1;3.63375;29.07;wwww____;True;False;0;0;1;1;1;1
solar_pv_005;1;0;0;0;0;0;-0.001582;-2.5e-06;3.955696e-09;31.38375;2000-01-01T00:36:53;[3.618, 3.6105, 3.618, 3.618, 3.6585, 3.657, 3.6435, 3.6465];3.6585;4;3.6105;1;3.63375;29.07;wwww____;True;False;0;0;1;1;1;1
solar_pv_005;1;0;0;0;0;0;-0.001582;-2.5e-06;3.955696e-09;31.22027;2000-01-01T00:36:59;[3.618, 3.6105, 3.618, 3.618, 3.66, 3.657, 3.645, 3.6465];3.66;4;3.6105;1;3.634125;29.073;wwww____;True;False;0;0;1;1;1;1
solar_pv_005;1;0;0;0;0;0;-0.001582;-2.5e-06;3.955696e-09;31.26696;2000-01-01T00:37:05;[3.618, 3.612, 3.618, 3.618, 3.6585, 3.657, 3.645, 3.6465];3.6585;4;3.612;1;3.634125;29.073;wwww____;True;False;0;0;1;1;1;1
solar_pv_005;1;0;0;0;0;0;-0.001582;-2.5e-06;3.955696e-09;31.26696;2000-01-01T00:37:12;[3.618, 3.612, 3.618, 3.6195, 3.6585, 3.657, 3.645, 3.6465];3.6585;4;3.612;1;3.634312;29.0745;wwww____;True;False;0;0;1;1;1;1
solar_pv_005;1;0;0;0;0;0;-0.001582;-2.5e-06;3.955696e-09;31.36038;2000-01-01T00:37:18;[3.618, 3.612, 3.618, 3.618, 3.66, 3.657, 3.645, 3.6465];3.66;4;3.612;1;3.634312;29.0745;wwww____;True;False;0;0;1;1;1;1
solar_pv_005;1;0;0;0;0;0;-0.001582;-2.5e-06;3.955696e-09;31.38375;2000-01-01T00:37:24;[3.618, 3.612, 3.6195, 3.6195, 3.66, 3.657, 3.645, 3.6465];3.66;4;3.612;1;3.634687;29.0775;wwww____;True;False;0;0;1;1;1;1
solar_pv_005;1;0;0;0;0;0;-0.001582;-2.5e-06;3.955696e-09;31.29031;2000-01-01T00:37:30;[3.6195, 3.612, 3.6195, 3.6195, 3.66, 3.6585, 3.645, 3.6465];3.66;4;3.612;1;3.635063;29.0805;wwww____;True;False;0;0;1;1;1;1
solar_pv_005;1;0;0;0;0;0;-0.001582;-2.5e-06;3.955696e-09;31.29031;2000-01-01T00:37:36;[3.6195, 3.612, 3.6195, 3.6195, 3.66, 3.6585, 3.645, 3.6465];3.66;4;3.612;1;3.635063;29.0805;wwww____;True;False;0;0;1;1;1;1
solar_pv_005;1;0;0;0;0;0;-0.001582;-2.5e-06;3.955696e-09;31.31365;2000-01-01T00:37:43;[3.618, 3.612, 3.6195, 3.6195, 3.66, 3.657, 3.645, 3.6465];3.66;4;3.612;1;3.634687;29.0775;wwww____;True;False;0;0;1;1;1;1
solar_pv_005;1;0;0;0;0;0;-0.001582;-2.5e-06;3.955696e-09;31.45394;2000-01-01T00:37:49;[3.6195, 3.6135, 3.6195, 3.6195, 3.66, 3.6585, 3.6465, 3.6465];3.66;4;3.6135;1;3.635437;29.0835;wwww____;True;False;0;0;1;1;1;1
solar_pv_005;1;0;0;0;0;0;-0.001582;-2.5e-06;3.955696e-09;31.54757;2000-01-01T00:37:55;[3.6195, 3.612, 3.6195, 3.6195, 3.66, 3.6585, 3.6465, 3.6465];3.66;4;3.612;1;3.63525;29.082;wwww____;True;False;0;0;1;1;1;1
solar_pv_005;1;0;0;0;0;0;-0.001582;-2.5e-06;3.955696e-09;31.57101;2000-01-01T00:38:01;[3.6195, 3.6135, 3.6195, 3.6195, 3.66, 3.6585, 3.6465, 3.648];3.66;4;3.6135;1;3.635625;29.085;wwww____;True;False;0;0;1;1;1;1
solar_pv_005;1;0;0;0;0;0;-0.001582;-2.5e-06;3.955696e-09;31.50073;2000-01-01T00:38:07;[3.6195, 3.6135, 3.6195, 3.621, 3.66, 3.6585, 3.6465, 3.648];3.66;4;3.6135;1;3.635813;29.0865;wwww____;True;False;0;0;1;1;1;1
solar_pv_005;1;0;0;0;0;0;-0.001582;-2.5e-06;3.955696e-09;31.43054;2000-01-01T00:38:14;[3.6195, 3.6135, 3.621, 3.621, 3.66, 3.6585, 3.6465, 3.648];3.66;4;3.6135;1;3.636;29.088;wwww____;True;False;0;0;1;1;1;1
solar_pv_005;1;0;0;0;0;0;-0.001582;-2.5e-06;3.955696e-09;31.57101;2000-01-01T00:38:20;[3.6195, 3.6135, 3.621, 3.621, 3.66, 3.6585, 3.6465, 3.648];3.66;4;3.6135;1;3.636;29.088;wwww____;True;False;0;0;1;1;1;1
solar_pv_005;1;0;0;0;0;0;-0.001582;-2.5e-06;3.955696e-09;31.52416;2000-01-01T00:38:26;[3.621, 3.6135, 3.621, 3.621, 3.6615, 3.6585, 3.6465, 3.648];3.6615;4;3.6135;1;3.636375;29.091;wwww____;True;False;0;0;1;1;1;1
solar_pv_005;1;0;0;0;0;0;-0.001582;-2.5e-06;3.955696e-09;31.59445;2000-01-01T00:38:32;[3.621, 3.615, 3.621, 3.621, 3.6615, 3.6585, 3.6465, 3.648];3.6615;4;3.615;1;3.636563;29.0925;wwww____;True;False;0;0;1;1;1;1
solar_pv_005;1;0;0;0;0;0;-0.001582;-2.5e-06;3.955696e-09;31.59445;2000-01-01T00:38:38;[3.621, 3.6135, 3.621, 3.621, 3.6615, 3.6585, 3.6465, 3.648];3.6615;4;3.6135;1;3.636375;29.091;wwww____;True;False;0;0;1;1;1;1
solar_pv_005;1;0;0;0;0;0;-0.001582;-2.5e-06;3.955696e-09;31.52416;2000-01-01T00:38:45;[3.621, 3.6135, 3.621, 3.6225, 3.6615, 3.6585, 3.6465, 3.648];3.6615;4;3.6135;1;3.636563;29.0925;wwww____;True;False;0;0;1;1;1;1
solar_pv_005;1;0;0;0;0;0;-0.001582;-2.5e-06;3.955696e-09;31.66479;2000-01-01T00:38:51;[3.621, 3.615, 3.621, 3.621, 3.6615, 3.66, 3.6465, 3.648];3.6615;4;3.615;1;3.63675;29.094;wwww____;True;False;0;0;1;1;1;1
solar_pv_005;1;0;0;0;0;0;-0.001582;-2.5e-06;3.955696e-09;31.66479;2000-01-01T00:38:57;[3.621, 3.615, 3.621, 3.621, 3.6615, 3.6585, 3.648, 3.648];3.6615;4;3.615;1;3.63675;29.094;wwww____;True;False;0;0;1;1;1;1
solar_pv_005;1;0;0;0;0;0;-0.001582;-2.5e-06;3.955696e-09;31.71176;2000-01-01T00:39:03;[3.621, 3.615, 3.621, 3.6225, 3.6615, 3.66, 3.6465, 3.6495];3.6615;4;3.615;1;3.637125;29.097;wwww____;True;False;0;0;1;1;1;1
solar_pv_005;1;0;0;0;0;0;-0.001582;-2.5e-06;3.955696e-09;31.73522;2000-01-01T00:39:09;[3.621, 3.615, 3.6225, 3.6225, 3.6615, 3.66, 3.6465, 3.648];3.6615;4;3.615;1;3.637125;29.097;wwww____;True;False;0;0;1;1;1;1
solar_pv_005;1;0;0;0;0;0;-0.001582;-2.5e-06;3.955696e-09;31.75872;2000-01-01T00:39:16;[3.6225, 3.615, 3.6225, 3.6225, 3.6615, 3.66, 3.648, 3.648];3.6615;4;3.615;1;3.6375;29.1;wwww____;True;False;0;0;1;1;1;1
solar_pv_005;1;0;0;0;0;0;-0.001582;-2.5e-06;3.955696e-09;31.64135;2000-01-01T00:39:22;[3.6225, 3.6165, 3.6225, 3.6225, 3.6615, 3.66, 3.648, 3.6495];3.6615;4;3.6165;1;3.637875;29.103;wwww____;True;False;0;0;1;1;1;1
solar_pv_005;0;0;0;0;0;0;-0.001582;-2.5e-06;3.955696e-09;31.78219;2000-01-01T00:39:28;[3.618, 3.612, 3.618, 3.618, 3.6465, 3.6555, 3.642, 3.645];3.6555;5;3.612;1;3.631875;29.055;wwww____;False;False;0;0;1;1;1;1
solar_pv_005;0;0;0;0;0;0;-0.001582;-2.5e-06;3.955696e-09;31.85272;2000-01-01T00:39:34;[3.6165, 3.6105, 3.618, 3.6165, 3.6465, 3.654, 3.642, 3.6435];3.654;5;3.6105;1;3.630937;29.0475;wwww____;False;False;0;0;1;1;1;1
solar_pv_005;0;0;0;0;0;0;-0.001582;-2.5e-06;3.955696e-09;31.73522;2000-01-01T00:39:40;[3.6165, 3.6105, 3.6165, 3.6165, 3.645, 3.654, 3.642, 3.6435];3.654;5;3.6105;1;3.630562;29.0445;wwww____;False;False;0;0;1;1;1;1
solar_pv_005;0;0;0;0;0;0;-0.001582;-2.5e-06;3.955696e-09;31.87625;2000-01-01T00:39:47;[3.6165, 3.6105, 3.6165, 3.6165, 3.6465, 3.654, 3.6405, 3.6435];3.654;5;3.6105;1;3.630563;29.0445;wwww____;False;False;0;0;1;1;1;1
solar_pv_005;0;0;0;0;0;0;-0.001582;-2.5e-06;3.955696e-09;31.89977;2000-01-01T00:39:53;[3.615, 3.6105, 3.6165, 3.6165, 3.645, 3.654, 3.6405, 3.642];3.654;5;3.6105;1;3.63;29.04;wwww____;False;False;0;0;1;1;1;1
solar_pv_005;0;0;0;0;0;0;-0.001582;-2.5e-06;3.955696e-09;31.89977;2000-01-01T00:39:59;[3.6165, 3.6105, 3.6165, 3.6165, 3.645, 3.6525, 3.6405, 3.6435];3.6525;5;3.6105;1;3.630187;29.0415;wwww____;False;False;0;0;1;1;1;1
solar_pv_005;0;0;0;0;0;0;-0.001582;-2.5e-06;3.955696e-09;31.85272;2000-01-01T00:40:05;[3.6165, 3.609, 3.6165, 3.6165, 3.645, 3.6525, 3.639, 3.642];3.6525;5;3.609;1;3.629625;29.037;wwww____;False;False;0;0;1;1;1;1
solar_pv_005;0;0;0;0;0;0;-0.001582;-2.5e-06;3.955696e-09;31.89977;2000-01-01T00:40:11;[3.6165, 3.609, 3.615, 3.615, 3.645, 3.6525, 3.6405, 3.642];3.6525;5;3.609;1;3.629438;29.0355;wwww____;False;False;0;0;1;1;1;1
solar_pv_005;0;0;0;0;0;0;-0.001582;-2.5e-06;3.955696e-09;31.89977;2000-01-01T00:40:18;[3.615, 3.609, 3.615, 3.615, 3.645, 3.6525, 3.6405, 3.642];3.6525;5;3.609;1;3.62925;29.034;wwww____;False;False;0;0;1;1;1;1
solar_pv_005;0;0;0;0;0;0;-0.001582;-2.5e-06;3.955696e-09;31.89977;2000-01-01T00:40:24;[3.615, 3.609, 3.615, 3.615, 3.6435, 3.6525, 3.6405, 3.642];3.6525;5;3.609;1;3.629062;29.0325;wwww____;False;False;0;0;1;1;1;1
solar_pv_005;0;0;0;0;0;0;-0.001582;-2.5e-06;3.955696e-09;31.89977;2000-01-01T00:40:30;[3.615, 3.609, 3.615, 3.615, 3.6435, 3.6525, 3.6405, 3.642];3.6525;5;3.609;1;3.629062;29.0325;wwww____;False;False;0;0;1;1;1;1
solar_pv_005;0;0;0;0;0;0;-0.001582;-2.5e-06;3.955696e-09;31.89977;2000-01-01T00:40:36;[3.615, 3.609, 3.615, 3.615, 3.6435, 3.6525, 3.639, 3.642];3.6525;5;3.609;1;3.628875;29.031;wwww____;False;False;0;0;1;1;1;1
solar_pv_005;0;0;0;0;0;0;-0.001582;-2.5e-06;3.955696e-09;31.9233;2000-01-01T00:40:43;[3.615, 3.609, 3.615, 3.615, 3.6435, 3.6525, 3.639, 3.642];3.6525;5;3.609;1;3.628875;29.031;wwww____;False;False;0;0;1;1;1;1
solar_pv_005;0;0;0;0;0;0;-0.001582;-2.5e-06;3.955696e-09;31.87625;2000-01-01T00:40:49;[3.615, 3.609, 3.615, 3.615, 3.6435, 3.6525, 3.639, 3.642];3.6525;5;3.609;1;3.628875;29.031;wwww____;False;False;0;0;1;1;1;1
solar_pv_005;0;0;0;0;0;0;-0.001582;-2.5e-06;3.955696e-09;31.89977;2000-01-01T00:40:55;[3.615, 3.609, 3.615, 3.615, 3.6435, 3.6525, 3.639, 3.642];3.6525;5;3.609;1;3.628875;29.031;wwww____;False;False;0;0;1;1;1;1
solar_pv_005;0;0;0;0;0;0;-0.001582;-2.5e-06;3.955696e-09;31.89977;2000-01-01T00:41:01;[3.615, 3.609, 3.615, 3.615, 3.6435, 3.6525, 3.639, 3.6405];3.6525;5;3.609;1;3.628687;29.0295;wwww____;False;False;0;0;1;1;1;1
solar_pv_005;0;0;0;0;0;0;-0.001582;-2.5e-06;3.955696e-09;31.87625;2000-01-01T00:41:07;[3.615, 3.609, 3.615, 3.615, 3.6435, 3.6525, 3.639, 3.6405];3.6525;5;3.609;1;3.628687;29.0295;wwww____;False;False;0;0;1;1;1;1
solar_pv_005;0;0;0;0;0;0;-0.001582;-2.5e-06;3.955696e-09;31.87625;2000-01-01T00:41:14;[3.615, 3.609, 3.615, 3.615, 3.6435, 3.651, 3.639, 3.6405];3.651;5;3.609;1;3.6285;29.028;wwww____;False;False;0;0;1;1;1;1
solar_pv_005;0;0;0;0;0;0;-0.001582;-2.5e-06;3.955696e-09;31.80569;2000-01-01T00:41:20;[3.615, 3.609, 3.615, 3.615, 3.6435, 3.651, 3.639, 3.6405];3.651;5;3.609;1;3.6285;29.028;wwww____;False;False;0;0;1;1;1;1
solar_pv_005;0;0;0;0;0;0;-0.001582;-2.5e-06;3.955696e-09;31.9233;2000-01-01T00:41:26;[3.615, 3.609, 3.615, 3.615, 3.6435, 3.6525, 3.639, 3.6405];3.6525;5;3.609;1;3.628687;29.0295;wwww____;False;False;0;0;1;1;1;1
solar_pv_005;0;0;0;0;0;0;-0.001582;-2.5e-06;3.955696e-09;31.68826;2000-01-01T00:41:32;[3.615, 3.609, 3.615, 3.615, 3.6435, 3.6525, 3.639, 3.642];3.6525;5;3.609;1;3.628875;29.031;wwww____;False;False;0;0;1;1;1;1
solar_pv_005;0;0;0;0;0;0;-0.001582;-2.5e-06;3.955696e-09;31.73522;2000-01-01T00:41:39;[3.615, 3.609, 3.615, 3.615, 3.6435, 3.651, 3.639, 3.6405];3.651;5;3.609;1;3.6285;29.028;wwww____;False;False;0;0;1;1;1;1
solar_pv_005;0;0;0;0;0;0;-0.001582;-2.5e-06;3.955696e-09;31.75872;2000-01-01T00:41:45;[3.615, 3.609, 3.615, 3.615, 3.6435, 3.651, 3.639, 3.6405];3.651;5;3.609;1;3.6285;29.028;wwww____;False;False;0;0;1;1;1;1
solar_pv_005;0;0;0;0;0;0;-0.001582;-2.5e-06;3.955696e-09;31.64135;2000-01-01T00:41:51;[3.615, 3.609, 3.615, 3.615, 3.6435, 3.651, 3.639, 3.6405];3.651;5;3.609;1;3.6285;29.028;wwww____;False;False;0;0;1;1;1;1
solar_pv_005;0;0;0;0;0;0;-0.001582;-2.5e-06;3.955696e-09;31.85272;2000-01-01T00:41:57;[3.615, 3.609, 3.615, 3.615, 3.6435, 3.6525, 3.639, 3.6405];3.6525;5;3.609;1;3.628687;29.0295;wwww____;False;False;0;0;1;1;1;1
solar_pv_005;0;0;0;0;0;0;-0.001582;-2.5e-06;3.955696e-09;31.73522;2000-01-01T00:42:03;[3.615, 3.609, 3.615, 3.615, 3.6435, 3.651, 3.639, 3.6405];3.651;5;3.609;1;3.6285;29.028;wwww____;False;False;0;0;1;1;1;1
solar_pv_005;0;0;0;0;0;0;-0.001582;-2.5e-06;3.955696e-09;31.87625;2000-01-01T00:42:10;[3.615, 3.609, 3.615, 3.615, 3.6435, 3.651, 3.639, 3.6405];3.651;5;3.609;1;3.6285;29.028;wwww____;False;False;0;0;1;1;1;1
solar_pv_005;0;0;0;0;0;0;-0.001582;-2.5e-06;3.955696e-09;31.59445;2000-01-01T00:42:16;[3.615, 3.609, 3.615, 3.615, 3.6435, 3.6525, 3.639, 3.6405];3.6525;5;3.609;1;3.628687;29.0295;wwww____;False;False;0;0;1;1;1;1
solar_pv_005;0;0;0;0;0;0;-0.001582;-2.5e-06;3.955696e-09;31.59445;2000-01-01T00:42:22;[3.615, 3.609, 3.615, 3.615, 3.6435, 3.6525, 3.639, 3.6405];3.6525;5;3.609;1;3.628687;29.0295;wwww____;False;False;0;0;1;1;1;1
solar_pv_005;0;0;0;0;0;0;-0.001582;-2.5e-06;3.955696e-09;31.73522;2000-01-01T00:42:28;[3.615, 3.609, 3.615, 3.6135, 3.6435, 3.651, 3.639, 3.6405];3.651;5;3.609;1;3.628312;29.0265;wwww____;False;False;0;0;1;1;1;1
solar_pv_005;0;0;0;0;0;0;-0.001582;-2.5e-06;3.955696e-09;31.52416;2000-01-01T00:42:34;[3.615, 3.609, 3.615, 3.615, 3.6435, 3.651, 3.6375, 3.6405];3.651;5;3.609;1;3.628313;29.0265;wwww____;False;False;0;0;1;1;1;1
solar_pv_005;0;0;0;0;0;0;-0.001582;-2.5e-06;3.955696e-09;31.57101;2000-01-01T00:42:41;[3.615, 3.609, 3.615, 3.6135, 3.6435, 3.651, 3.639, 3.6405];3.651;5;3.609;1;3.628312;29.0265;wwww____;False;False;0;0;1;1;1;1
solar_pv_005;0;0;0;0;0;0;-0.001582;-2.5e-06;3.955696e-09;31.61788;2000-01-01T00:42:47;[3.615, 3.609, 3.615, 3.615, 3.6435, 3.651, 3.6375, 3.6405];3.651;5;3.609;1;3.628313;29.0265;wwww____;False;False;0;0;1;1;1;1
solar_pv_005;0;0;0;0;0;0;-0.001582;-2.5e-06;3.955696e-09;31.75872;2000-01-01T00:42:53;[3.615, 3.6075, 3.615, 3.615, 3.6435, 3.651, 3.639, 3.6405];3.651;5;3.6075;1;3.628312;29.0265;wwww____;False;False;0;0;1;1;1;1
solar_pv_005;0;0;0;0;0;0;-0.001582;-2.5e-06;3.955696e-09;31.57101;2000-01-01T00:42:59;[3.615, 3.6075, 3.615, 3.615, 3.6435, 3.6525, 3.639, 3.6405];3.6525;5;3.6075;1;3.6285;29.028;wwww____;False;False;0;0;1;1;1;1
solar_pv_005;0;0;0;0;0;0;-0.001582;-2.5e-06;3.955696e-09;31.57101;2000-01-01T00:43:06;[3.615, 3.609, 3.615, 3.615, 3.6435, 3.651, 3.6375, 3.6405];3.651;5;3.609;1;3.628313;29.0265;wwww____;False;False;0;0;1;1;1;1
solar_pv_005;0;0;0;0;0;0;-0.001582;-2.5e-06;3.955696e-09;31.64135;2000-01-01T00:43:12;[3.615, 3.609, 3.615, 3.615, 3.6435, 3.651, 3.639, 3.6405];3.651;5;3.609;1;3.6285;29.028;wwww____;False;False;0;0;1;1;1;1
solar_pv_005;0;0;0;0;0;0;-0.001582;-2.5e-06;3.955696e-09;31.64135;2000-01-01T00:43:18;[3.615, 3.609, 3.615, 3.615, 3.6435, 3.651, 3.639, 3.6405];3.651;5;3.609;1;3.6285;29.028;wwww____;False;False;0;0;1;1;1;1
solar_pv_005;0;0;0;0;0;0;-0.001582;-2.5e-06;3.955696e-09;31.57101;2000-01-01T00:43:24;[3.615, 3.609, 3.615, 3.615, 3.6435, 3.651, 3.639, 3.6405];3.651;5;3.609;1;3.6285;29.028;wwww____;False;False;0;0;1;1;1;1
solar_pv_005;0;0;0;0;0;0;-0.001582;-2.5e-06;3.955696e-09;31.59445;2000-01-01T00:43:30;[3.615, 3.609, 3.615, 3.615, 3.6435, 3.651, 3.639, 3.6405];3.651;5;3.609;1;3.6285;29.028;wwww____;False;False;0;0;1;1;1;1
solar_pv_005;0;0;0;0;0;0;-0.001582;-2.5e-06;3.955696e-09;31.75872;2000-01-01T00:43:37;[3.615, 3.609, 3.615, 3.615, 3.6435, 3.651, 3.639, 3.6405];3.651;5;3.609;1;3.6285;29.028;wwww____;False;False;0;0;1;1;1;1
solar_pv_005;0;0;0;0;0;0;-0.001582;-2.5e-06;3.955696e-09;31.66479;2000-01-01T00:43:43;[3.615, 3.609, 3.615, 3.615, 3.642, 3.651, 3.639, 3.6405];3.651;5;3.609;1;3.628312;29.0265;wwww____;False;False;0;0;1;1;1;1
solar_pv_005;0;0;0;0;0;0;-0.001582;-2.5e-06;3.955696e-09;31.57101;2000-01-01T00:43:49;[3.615, 3.6075, 3.615, 3.615, 3.642, 3.651, 3.639, 3.6405];3.651;5;3.6075;1;3.628125;29.025;wwww____;False;False;0;0;1;1;1;1
solar_pv_005;0;0;0;0;0;0;-0.001582;-2.5e-06;3.955696e-09;31.68826;2000-01-01T00:43:55;[3.6135, 3.609, 3.615, 3.615, 3.6435, 3.651, 3.6375, 3.6405];3.651;5;3.609;1;3.628125;29.025;wwww____;False;False;0;0;1;1;1;1
solar_pv_005;0;0;0;0;0;0;-0.001582;-2.5e-06;3.955696e-09;31.73522;2000-01-01T00:44:02;[3.615, 3.6075, 3.615, 3.615, 3.642, 3.651, 3.6375, 3.639];3.651;5;3.6075;1;3.62775;29.022;wwww____;False;False;0;0;1;1;1;1
solar_pv_005;0;0;0;0;0;0;-0.001582;-2.5e-06;3.955696e-09;31.68826;2000-01-01T00:44:08;[3.615, 3.609, 3.615, 3.615, 3.642, 3.651, 3.639, 3.6405];3.651;5;3.609;1;3.628312;29.0265;wwww____;False;False;0;0;1;1;1;1
solar_pv_005;0;0;0;0;0;0;-0.001582;-2.5e-06;3.955696e-09;31.64135;2000-01-01T00:44:14;[3.615, 3.609, 3.6135, 3.615, 3.642, 3.651, 3.6375, 3.6405];3.651;5;3.609;1;3.627937;29.0235;wwww____;False;False;0;0;1;1;1;1
solar_pv_005;0;0;0;0;0;0;-0.001582;-2.5e-06;3.955696e-09;31.68826;2000-01-01T00:44:20;[3.615, 3.6075, 3.615, 3.615, 3.642, 3.651, 3.6375, 3.6405];3.651;5;3.6075;1;3.627937;29.0235;wwww____;False;False;0;0;1;1;1;1
solar_pv_005;0;0;0;0;0;0;-0.001582;-2.5e-06;3.955696e-09;31.61788;2000-01-01T00:44:26;[3.6135, 3.6075, 3.615, 3.615, 3.642, 3.651, 3.6375, 3.6405];3.651;5;3.6075;1;3.62775;29.022;wwww____;False;False;0;0;1;1;1;1
solar_pv_005;0;0;0;0;0;0;-0.001582;-2.5e-06;3.955696e-09;31.54757;2000-01-01T00:44:33;[3.615, 3.609, 3.615, 3.6135, 3.642, 3.651, 3.6375, 3.6405];3.651;5;3.609;1;3.627937;29.0235;wwww____;False;False;0;0;1;1;1;1
solar_pv_005;0;0;0;0;0;0;-0.001582;-2.5e-06;3.955696e-09;31.66479;2000-01-01T00:44:39;[3.615, 3.6075, 3.615, 3.615, 3.642, 3.651, 3.6375, 3.6405];3.651;5;3.6075;1;3.627937;29.0235;wwww____;False;False;0;0;1;1;1;1
solar_pv_005;0;0;0;0;0;0;-0.001582;-2.5e-06;3.955696e-09;31.73522;2000-01-01T00:44:45;[3.615, 3.6075, 3.615, 3.615, 3.642, 3.651, 3.6375, 3.6405];3.651;5;3.6075;1;3.627937;29.0235;wwww____;False;False;0;0;1;1;1;1
solar_pv_005;0;0;0;0;0;0;-0.001582;-2.5e-06;3.955696e-09;31.66479;2000-01-01T00:44:51;[3.615, 3.609, 3.615, 3.615, 3.642, 3.651, 3.6375, 3.6405];3.651;5;3.609;1;3.628125;29.025;wwww____;False;False;0;0;1;1;1;1
solar_pv_005;0;0;0;0;0;0;-0.001582;-2.5e-06;3.955696e-09;31.59445;2000-01-01T00:44:57;[3.615, 3.609, 3.615, 3.6135, 3.6435, 3.651, 3.6375, 3.6405];3.651;5;3.609;1;3.628125;29.025;wwww____;False;False;0;0;1;1;1;1
solar_pv_005;0;0;0;0;0;0;-0.001582;-2.5e-06;3.955696e-09;31.80569;2000-01-01T00:45:04;[3.615, 3.6075, 3.615, 3.615, 3.642, 3.651, 3.6375, 3.639];3.651;5;3.6075;1;3.62775;29.022;wwww____;False;False;0;0;1;1;1;1
solar_pv_005;0;0;0;0;0;0;-0.001582;-2.5e-06;3.955696e-09;31.73522;2000-01-01T00:45:10;[3.615, 3.609, 3.615, 3.615, 3.642, 3.651, 3.6375, 3.6405];3.651;5;3.609;1;3.628125;29.025;wwww____;False;False;0;0;1;1;1;1
solar_pv_005;0;0;0;0;0;0;-0.001582;-2.5e-06;3.955696e-09;31.64135;2000-01-01T00:45:16;[3.615, 3.609, 3.615, 3.615, 3.642, 3.651, 3.6375, 3.6405];3.651;5;3.609;1;3.628125;29.025;wwww____;False;False;0;0;1;1;1;1
solar_pv_005;0;0;0;0;0;0;-0.001582;-2.5e-06;3.955696e-09;31.59445;2000-01-01T00:45:22;[3.615, 3.609, 3.615, 3.615, 3.642, 3.651, 3.6375, 3.6405];3.651;5;3.609;1;3.628125;29.025;wwww____;False;False;0;0;1;1;1;1
solar_pv_005;0;0;0;0;0;0;-0.001582;-2.5e-06;3.955696e-09;31.68826;2000-01-01T00:45:29;[3.615, 3.6075, 3.615, 3.615, 3.6435, 3.651, 3.6375, 3.6405];3.651;5;3.6075;1;3.628125;29.025;wwww____;False;False;0;0;1;1;1;1
solar_pv_005;0;0;0;0;0;0;-0.001582;-2.5e-06;3.955696e-09;31.57101;2000-01-01T00:45:35;[3.615, 3.609, 3.615, 3.615, 3.6435, 3.651, 3.6375, 3.6405];3.651;5;3.609;1;3.628313;29.0265;wwww____;False;False;0;0;1;1;1;1
solar_pv_005;0;0;0;0;0;0;-0.001582;-2.5e-06;3.955696e-09;31.47735;2000-01-01T00:45:41;[3.615, 3.609, 3.615, 3.615, 3.642, 3.651, 3.6375, 3.6405];3.651;5;3.609;1;3.628125;29.025;wwww____;False;False;0;0;1;1;1;1
solar_pv_005;0;0;0;0;0;0;-0.001582;-2.5e-06;3.955696e-09;31.61788;2000-01-01T00:45:47;[3.615, 3.609, 3.615, 3.615, 3.6435, 3.651, 3.6375, 3.6405];3.651;5;3.609;1;3.628313;29.0265;wwww____;False;False;0;0;1;1;1;1
solar_pv_005;0;0;0;0;0;0;-0.001582;-2.5e-06;3.955696e-09;31.52416;2000-01-01T00:45:53;[3.615, 3.609, 3.6135, 3.615, 3.642, 3.651, 3.6375, 3.6405];3.651;5;3.609;1;3.627937;29.0235;wwww____;False;False;0;0;1;1;1;1
solar_pv_005;0;0;0;0;0;0;-0.001582;-2.5e-06;3.955696e-09;31.52416;2000-01-01T00:46:00;[3.615, 3.609, 3.615, 3.615, 3.6435, 3.651, 3.6375, 3.6405];3.651;5;3.609;1;3.628313;29.0265;wwww____;False;False;0;0;1;1;1;1
solar_pv_005;0;0;0;0;0;0;-0.001582;-2.5e-06;3.955696e-09;31.59445;2000-01-01T00:46:06;[3.615, 3.609, 3.615, 3.615, 3.6435, 3.651, 3.6375, 3.6405];3.651;5;3.609;1;3.628313;29.0265;wwww____;False;False;0;0;1;1;1;1
solar_pv_005;0;0;0;0;0;0;-0.001582;-2.5e-06;3.955696e-09;31.61788;2000-01-01T00:46:12;[3.615, 3.609, 3.6135, 3.615, 3.642, 3.651, 3.6375, 3.6405];3.651;5;3.609;1;3.627937;29.0235;wwww____;False;False;0;0;1;1;1;1
solar_pv_005;0;0;0;0;0;0;-0.001582;-2.5e-06;3.955696e-09;31.66479;2000-01-01T00:46:18;[3.615, 3.609, 3.615, 3.615, 3.6435, 3.651, 3.6375, 3.6405];3.651;5;3.609;1;3.628313;29.0265;wwww____;False;False;0;0;1;1;1;1
solar_pv_005;0;0;0;0;0;0;-0.001582;-2.5e-06;3.955696e-09;31.64135;2000-01-01T00:46:25;[3.615, 3.609, 3.6135, 3.615, 3.6435, 3.651, 3.6375, 3.6405];3.651;5;3.609;1;3.628125;29.025;wwww____;False;False;0;0;1;1;1;1
solar_pv_005;0;0;0;0;0;0;-0.001582;-2.5e-06;3.955696e-09;31.78219;2000-01-01T00:46:31;[3.615, 3.609, 3.6135, 3.615, 3.642, 3.651, 3.6375, 3.6405];3.651;5;3.609;1;3.627937;29.0235;wwww____;False;False;0;0;1;1;1;1
solar_pv_005;0;0;0;0;0;0;-0.001582;-2.5e-06;3.955696e-09;31.68826;2000-01-01T00:46:37;[3.615, 3.609, 3.6135, 3.615, 3.6435, 3.651, 3.6375, 3.6405];3.651;5;3.609;1;3.628125;29.025;wwww____;False;False;0;0;1;1;1;1
solar_pv_005;0;0;0;0;0;0;-0.001582;-2.5e-06;3.955696e-09;31.68826;2000-01-01T00:46:43;[3.615, 3.609, 3.615, 3.615, 3.642, 3.651, 3.6375, 3.6405];3.651;5;3.609;1;3.628125;29.025;wwww____;False;False;0;0;1;1;1;1
solar_pv_005;0;0;0;0;0;0;-0.001582;-2.5e-06;3.955696e-09;31.66479;2000-01-01T00:46:49;[3.615, 3.609, 3.615, 3.615, 3.642, 3.651, 3.6375, 3.6405];3.651;5;3.609;1;3.628125;29.025;wwww____;False;False;0;0;1;1;1;1
solar_pv_005;0;0;0;0;0;0;-0.001582;-2.5e-06;3.955696e-09;31.59445;2000-01-01T00:46:56;[3.615, 3.609, 3.615, 3.6135, 3.6435, 3.651, 3.6375, 3.639];3.651;5;3.609;1;3.627937;29.0235;wwww____;False;False;0;0;1;1;1;1
solar_pv_005;0;0;0;0;0;0;-0.001582;-2.5e-06;3.955696e-09;31.68826;2000-01-01T00:47:02;[3.615, 3.6075, 3.6135, 3.6135, 3.6435, 3.651, 3.6375, 3.6405];3.651;5;3.6075;1;3.62775;29.022;wwww____;False;False;0;0;1;1;1;1
solar_pv_005;0;0;0;0;0;0;-0.001582;-2.5e-06;3.955696e-09;31.59445;2000-01-01T00:47:08;[3.615, 3.609, 3.615, 3.615, 3.6435, 3.651, 3.6375, 3.6405];3.651;5;3.609;1;3.628313;29.0265;wwww____;False;False;0;0;1;1;1;1
solar_pv_005;0;0;0;0;0;0;-0.001582;-2.5e-06;3.955696e-09;31.85272;2000-01-01T00:47:14;[3.615, 3.609, 3.615, 3.6135, 3.642, 3.651, 3.6375, 3.6405];3.651;5;3.609;1;3.627937;29.0235;wwww____;False;False;0;0;1;1;1;1
solar_pv_005;0;0;0;0;0;0;-0.001582;-2.5e-06;3.955696e-09;31.75872;2000-01-01T00:47:20;[3.615, 3.609, 3.615, 3.615, 3.642, 3.651, 3.6375, 3.6405];3.651;5;3.609;1;3.628125;29.025;wwww____;False;False;0;0;1;1;1;1
solar_pv_005;0;0;0;0;0;0;-0.001582;-2.5e-06;3.955696e-09;31.85272;2000-01-01T00:47:27;[3.615, 3.609, 3.615, 3.6135, 3.642, 3.651, 3.6375, 3.639];3.651;5;3.609;1;3.62775;29.022;wwww____;False;False;0;0;1;1;1;1
solar_pv_005;0;0;0;0;0;0;-0.001582;-2.5e-06;3.955696e-09;31.89977;2000-01-01T00:47:33;[3.615, 3.6075, 3.615, 3.615, 3.642, 3.651, 3.6375, 3.6405];3.651;5;3.6075;1;3.627937;29.0235;wwww____;False;False;0;0;1;1;1;1
solar_pv_005;0;0;0;0;0;0;-0.001582;-2.5e-06;3.955696e-09;31.78219;2000-01-01T00:47:39;[3.615, 3.609, 3.6135, 3.615, 3.642, 3.651, 3.6375, 3.6405];3.651;5;3.609;1;3.627937;29.0235;wwww____;False;False;0;0;1;1;1;1
solar_pv_005;0;0;0;0;0;0;-0.001582;-2.5e-06;3.955696e-09;31.89977;2000-01-01T00:47:45;[3.615, 3.609, 3.615, 3.6135, 3.642, 3.651, 3.6375, 3.6405];3.651;5;3.609;1;3.627937;29.0235;wwww____;False;False;0;0;1;1;1;1
solar_pv_005;0;0;0;0;0;0;-0.001582;-2.5e-06;3.955696e-09;31.73522;2000-01-01T00:47:52;[3.615, 3.609, 3.6135, 3.6135, 3.642, 3.651, 3.6375, 3.6405];3.651;5;3.609;1;3.62775;29.022;wwww____;False;False;0;0;1;1;1;1
solar_pv_005;0;0;0;0;0;0;-0.001582;-2.5e-06;3.955696e-09;31.87625;2000-01-01T00:47:58;[3.615, 3.609, 3.615, 3.6135, 3.642, 3.651, 3.6375, 3.639];3.651;5;3.609;1;3.62775;29.022;wwww____;False;False;0;0;1;1;1;1
solar_pv_005;0;0;0;0;0;0;-0.001582;-2.5e-06;3.955696e-09;31.82922;2000-01-01T00:48:04;[3.615, 3.609, 3.6135, 3.6135, 3.642, 3.651, 3.6375, 3.6405];3.651;5;3.609;1;3.62775;29.022;wwww____;False;False;0;0;1;1;1;1
solar_pv_005;0;0;0;0;0;0;-0.001582;-2.5e-06;3.955696e-09;31.87625;2000-01-01T00:48:10;[3.615, 3.6075, 3.615, 3.6135, 3.642, 3.651, 3.6375, 3.639];3.651;5;3.6075;1;3.627563;29.0205;wwww____;False;False;0;0;1;1;1;1
solar_pv_005;0;0;0;0;0;0;-0.001582;-2.5e-06;3.955696e-09;31.78219;2000-01-01T00:48:16;[3.615, 3.609, 3.615, 3.6135, 3.642, 3.651, 3.6375, 3.6405];3.651;5;3.609;1;3.627937;29.0235;wwww____;False;False;0;0;1;1;1;1
solar_pv_005;0;0;0;0;0;0;-0.001582;-2.5e-06;3.955696e-09;31.87625;2000-01-01T00:48:23;[3.615, 3.6075, 3.615, 3.6135, 3.642, 3.651, 3.6375, 3.639];3.651;5;3.6075;1;3.627563;29.0205;wwww____;False;False;0;0;1;1;1;1
solar_pv_005;0;0;0;0;0;0;-0.001582;-2.5e-06;3.955696e-09;31.68826;2000-01-01T00:48:29;[3.6135, 3.609, 3.615, 3.6135, 3.642, 3.651, 3.6375, 3.6405];3.651;5;3.609;1;3.62775;29.022;wwww____;False;False;0;0;1;1;1;1
solar_pv_005;0;0;0;0;0;0;-0.001582;-2.5e-06;3.955696e-09;31.85272;2000-01-01T00:48:35;[3.6135, 3.609, 3.6135, 3.6135, 3.642, 3.651, 3.6375, 3.6405];3.651;5;3.609;1;3.627563;29.0205;wwww____;False;False;0;0;1;1;1;1
solar_pv_005;0;0;0;0;0;0;-0.001582;-2.5e-06;3.955696e-09;31.82922;2000-01-01T00:48:41;[3.615, 3.609, 3.615, 3.6135, 3.642, 3.651, 3.6375, 3.639];3.651;5;3.609;1;3.62775;29.022;wwww____;False;False;0;0;1;1;1;1
solar_pv_005;0;0;0;0;0;0;-0.001582;-2.5e-06;3.955696e-09;31.87625;2000-01-01T00:48:47;[3.615, 3.609, 3.6135, 3.6135, 3.642, 3.651, 3.6375, 3.6405];3.651;5;3.609;1;3.62775;29.022;wwww____;False;False;0;0;1;1;1;1
solar_pv_005;0;0;0;0;0;0;-0.001582;-2.5e-06;3.955696e-09;31.54757;2000-01-01T00:48:54;[3.6135, 3.609, 3.615, 3.6135, 3.642, 3.651, 3.6375, 3.639];3.651;5;3.609;1;3.627563;29.0205;wwww____;False;False;0;0;1;1;1;1
solar_pv_005;0;0;0;0;0;0;-0.001582;-2.5e-06;3.955696e-09;31.9233;2000-01-01T00:49:00;[3.615, 3.609, 3.6135, 3.6135, 3.642, 3.651, 3.6375, 3.639];3.651;5;3.609;1;3.627563;29.0205;wwww____;False;False;0;0;1;1;1;1
solar_pv_005;0;0;0;0;0;0;-0.001582;-2.5e-06;3.955696e-09;31.85272;2000-01-01T00:49:06;[3.6135, 3.6075, 3.615, 3.6135, 3.642, 3.651, 3.6375, 3.639];3.651;5;3.6075;1;3.627375;29.019;wwww____;False;False;0;0;1;1;1;1
solar_pv_005;0;0;0;0;0;0;-0.001582;-2.5e-06;3.955696e-09;31.87625;2000-01-01T00:49:12;[3.615, 3.609, 3.6135, 3.6135, 3.642, 3.651, 3.6375, 3.639];3.651;5;3.609;1;3.627563;29.0205;wwww____;False;False;0;0;1;1;1;1
solar_pv_005;0;0;0;0;0;0;-0.001582;-2.5e-06;3.955696e-09;31.89977;2000-01-01T00:49:19;[3.6135, 3.609, 3.615, 3.6135, 3.642, 3.651, 3.6375, 3.639];3.651;5;3.609;1;3.627563;29.0205;wwww____;False;False;0;0;1;1;1;1
solar_pv_005;0;0;0;0;0;0;-0.001582;-2.5e-06;3.955696e-09;31.89977;2000-01-01T00:49:25;[3.615, 3.6075, 3.615, 3.6135, 3.642, 3.651, 3.6375, 3.639];3.651;5;3.6075;1;3.627563;29.0205;wwww____;False;False;0;0;1;1;1;1
solar_pv_005;0;0;0;0;0;0;-0.001582;-2.5e-06;3.955696e-09;31.85272;2000-01-01T00:49:31;[3.6135, 3.609, 3.6135, 3.6135, 3.642, 3.651, 3.6375, 3.639];3.651;5;3.609;1;3.627375;29.019;wwww____;False;False;0;0;1;1;1;1
solar_pv_005;0;0;0;0;0;0;-0.001582;-2.5e-06;3.955696e-09;31.80569;2000-01-01T00:49:37;[3.615, 3.609, 3.6135, 3.6135, 3.642, 3.651, 3.6375, 3.639];3.651;5;3.609;1;3.627563;29.0205;wwww____;False;False;0;0;1;1;1;1
solar_pv_005;0;0;0;0;0;0;-0.001582;-2.5e-06;3.955696e-09;31.78219;2000-01-01T00:49:43;[3.615, 3.6075, 3.6135, 3.6135, 3.642, 3.651, 3.6375, 3.639];3.651;5;3.6075;1;3.627375;29.019;wwww____;False;False;0;0;1;1;1;1
solar_pv_005;0;0;0;0;0;0;-0.001582;-2.5e-06;3.955696e-09;31.68826;2000-01-01T00:49:50;[3.6135, 3.609, 3.6135, 3.6135, 3.642, 3.651, 3.6375, 3.639];3.651;5;3.609;1;3.627375;29.019;wwww____;False;False;0;0;1;1;1;1
solar_pv_005;0;0;0;0;0;0;-0.001582;-2.5e-06;3.955696e-09;31.66479;2000-01-01T00:49:56;[3.615, 3.609, 3.615, 3.6135, 3.642, 3.651, 3.6375, 3.639];3.651;5;3.609;1;3.62775;29.022;wwww____;False;False;0;0;1;1;1;1
solar_pv_005;0;0;0;0;0;0;-0.001582;-2.5e-06;3.955696e-09;31.61788;2000-01-01T00:50:02;[3.6135, 3.6075, 3.615, 3.6135, 3.642, 3.651, 3.6375, 3.6405];3.651;5;3.6075;1;3.627563;29.0205;wwww____;False;False;0;0;1;1;1;1
solar_pv_005;0;0;0;0;0;0;-0.001582;-2.5e-06;3.955696e-09;31.68826;2000-01-01T00:50:08;[3.6135, 3.6075, 3.6135, 3.615, 3.642, 3.651, 3.6375, 3.639];3.651;5;3.6075;1;3.627375;29.019;wwww____;False;False;0;0;1;1;1;1
solar_pv_005;0;0;0;0;0;0;-0.001582;-2.5e-06;3.955696e-09;31.78219;2000-01-01T00:50:15;[3.6135, 3.609, 3.6135, 3.6135, 3.642, 3.651, 3.6375, 3.639];3.651;5;3.609;1;3.627375;29.019;wwww____;False;False;0;0;1;1;1;1
solar_pv_005;0;0;0;0;0;0;-0.001582;-2.5e-06;3.955696e-09;31.64135;2000-01-01T00:50:21;[3.6135, 3.609, 3.615, 3.6135, 3.642, 3.651, 3.6375, 3.6405];3.651;5;3.609;1;3.62775;29.022;wwww____;False;False;0;0;1;1;1;1
solar_pv_005;0;0;0;0;0;0;-0.001582;-2.5e-06;3.955696e-09;31.73522;2000-01-01T00:50:27;[3.6135, 3.609, 3.6135, 3.6135, 3.642, 3.651, 3.6375, 3.639];3.651;5;3.609;1;3.627375;29.019;wwww____;False;False;0;0;1;1;1;1
solar_pv_005;0;0;0;0;0;0;-0.001582;-2.5e-06;3.955696e-09;31.78219;2000-01-01T00:50:33;[3.615, 3.609, 3.6135, 3.6135, 3.642, 3.651, 3.6375, 3.639];3.651;5;3.609;1;3.627563;29.0205;wwww____;False;False;0;0;1;1;1;1
solar_pv_005;0;0;0;0;0;0;-0.001582;-2.5e-06;3.955696e-09;31.73522;2000-01-01T00:50:39;[3.6135, 3.609, 3.6135, 3.6135, 3.642, 3.651, 3.6375, 3.639];3.651;5;3.609;1;3.627375;29.019;wwww____;False;False;0;0;1;1;1;1
solar_pv_005;0;0;0;0;0;0;-0.001582;-2.5e-06;3.955696e-09;31.75872;2000-01-01T00:50:46;[3.6135, 3.609, 3.6135, 3.6135, 3.642, 3.651, 3.6375, 3.639];3.651;5;3.609;1;3.627375;29.019;wwww____;False;False;0;0;1;1;1;1
solar_pv_005;0;0;0;0;0;0;-0.001582;-2.5e-06;3.955696e-09;31.78219;2000-01-01T00:50:52;[3.615, 3.6075, 3.6135, 3.6135, 3.642, 3.651, 3.6375, 3.639];3.651;5;3.6075;1;3.627375;29.019;wwww____;False;False;0;0;1;1;1;1
solar_pv_005;0;0;0;0;0;0;-0.001582;-2.5e-06;3.955696e-09;31.73522;2000-01-01T00:50:58;[3.615, 3.609, 3.6135, 3.6135, 3.642, 3.651, 3.6375, 3.639];3.651;5;3.609;1;3.627563;29.0205;wwww____;False;False;0;0;1;1;1;1
solar_pv_005;0;0;0;0;0;0;-0.001582;-2.5e-06;3.955696e-09;31.85272;2000-01-01T00:51:04;[3.615, 3.6075, 3.6135, 3.6135, 3.642, 3.651, 3.6375, 3.639];3.651;5;3.6075;1;3.627375;29.019;wwww____;False;False;0;0;1;1;1;1
solar_pv_005;0;0;0;0;0;0;-0.001582;-2.5e-06;3.955696e-09;31.73522;2000-01-01T00:51:10;[3.6135, 3.609, 3.6135, 3.6135, 3.642, 3.651, 3.6375, 3.639];3.651;5;3.609;1;3.627375;29.019;wwww____;False;False;0;0;1;1;1;1
solar_pv_005;0;0;0;0;0;0;-0.001582;-2.5e-06;3.955696e-09;31.66479;2000-01-01T00:51:17;[3.6135, 3.609, 3.6135, 3.6135, 3.642, 3.651, 3.6375, 3.639];3.651;5;3.609;1;3.627375;29.019;wwww____;False;False;0;0;1;1;1;1
solar_pv_005;0;0;0;0;0;0;-0.001582;-2.5e-06;3.955696e-09;31.78219;2000-01-01T00:51:23;[3.6135, 3.609, 3.6135, 3.6135, 3.642, 3.651, 3.6375, 3.639];3.651;5;3.609;1;3.627375;29.019;wwww____;False;False;0;0;1;1;1;1
solar_pv_005;0;0;0;0;0;0;-0.001582;-2.5e-06;3.955696e-09;31.78219;2000-01-01T00:51:29;[3.6135, 3.609, 3.6135, 3.6135, 3.642, 3.651, 3.6375, 3.639];3.651;5;3.609;1;3.627375;29.019;wwww____;False;False;0;0;1;1;1;1
solar_pv_005;0;0;0;0;0;0;-0.001582;-2.5e-06;3.955696e-09;31.64135;2000-01-01T00:51:35;[3.6135, 3.609, 3.6135, 3.615, 3.642, 3.651, 3.6375, 3.639];3.651;5;3.609;1;3.627563;29.0205;wwww____;False;False;0;0;1;1;1;1
solar_pv_005;0;0;0;0;0;0;-0.001582;-2.5e-06;3.955696e-09;31.59445;2000-01-01T00:51:42;[3.6135, 3.6075, 3.6135, 3.6135, 3.642, 3.651, 3.6375, 3.639];3.651;5;3.6075;1;3.627188;29.0175;wwww____;False;False;0;0;1;1;1;1
solar_pv_005;0;0;0;0;0;0;-0.001582;-2.5e-06;3.955696e-09;31.52416;2000-01-01T00:51:48;[3.6135, 3.6075, 3.6135, 3.6135, 3.642, 3.651, 3.6375, 3.639];3.651;5;3.6075;1;3.627188;29.0175;wwww____;False;False;0;0;1;1;1;1
solar_pv_005;0;0;0;0;0;0;-0.001582;-2.5e-06;3.955696e-09;31.73522;2000-01-01T00:51:54;[3.6135, 3.609, 3.6135, 3.6135, 3.642, 3.651, 3.6375, 3.639];3.651;5;3.609;1;3.627375;29.019;wwww____;False;False;0;0;1;1;1;1
solar_pv_005;0;0;0;0;0;0;-0.001582;-2.5e-06;3.955696e-09;31.66479;2000-01-01T00:52:00;[3.6135, 3.609, 3.6135, 3.6135, 3.642, 3.651, 3.6375, 3.639];3.651;5;3.609;1;3.627375;29.019;wwww____;False;False;0;0;1;1;1;1
solar_pv_005;0;0;0;0;0;0;-0.001582;-2.5e-06;3.955696e-09;31.52416;2000-01-01T00:52:06;[3.6135, 3.609, 3.6135, 3.6135, 3.642, 3.651, 3.6375, 3.639];3.651;5;3.609;1;3.627375;29.019;wwww____;False;False;0;0;1;1;1;1
solar_pv_005;0;0;0;0;0;0;-0.001582;-2.5e-06;3.955696e-09;31.50073;2000-01-01T00:52:13;[3.6135, 3.609, 3.6135, 3.6135, 3.642, 3.651, 3.6375, 3.639];3.651;5;3.609;1;3.627375;29.019;wwww____;False;False;0;0;1;1;1;1
solar_pv_005;0;0;0;0;0;0;-0.001582;-2.5e-06;3.955696e-09;31.64135;2000-01-01T00:52:19;[3.6135, 3.6075, 3.6135, 3.6135, 3.642, 3.651, 3.6375, 3.639];3.651;5;3.6075;1;3.627188;29.0175;wwww____;False;False;0;0;1;1;1;1
solar_pv_005;0;0;0;0;0;0;-0.001582;-2.5e-06;3.955696e-09;31.40716;2000-01-01T00:52:25;[3.6135, 3.609, 3.6135, 3.6135, 3.642, 3.651, 3.6375, 3.639];3.651;5;3.609;1;3.627375;29.019;wwww____;False;False;0;0;1;1;1;1
solar_pv_005;0;0;0;0;0;0;-0.001582;-2.5e-06;3.955696e-09;31.47735;2000-01-01T00:52:31;[3.6135, 3.609, 3.6135, 3.6135, 3.642, 3.651, 3.6375, 3.639];3.651;5;3.609;1;3.627375;29.019;wwww____;False;False;0;0;1;1;1;1
solar_pv_005;0;0;0;0;0;0;-0.001582;-2.5e-06;3.955696e-09;31.47735;2000-01-01T00:52:38;[3.6135, 3.6075, 3.6135, 3.6135, 3.642, 3.651, 3.6375, 3.639];3.651;5;3.6075;1;3.627188;29.0175;wwww____;False;False;0;0;1;1;1;1
solar_pv_005;0;0;0;0;0;0;-0.001582;-2.5e-06;3.955696e-09;31.57101;2000-01-01T00:52:44;[3.6135, 3.609, 3.6135, 3.6135, 3.642, 3.651, 3.6375, 3.639];3.651;5;3.609;1;3.627375;29.019;wwww____;False;False;0;0;1;1;1;1
solar_pv_005;0;0;0;0;0;0;-0.001582;-2.5e-06;3.955696e-09;31.57101;2000-01-01T00:52:50;[3.6135, 3.609, 3.6135, 3.6135, 3.642, 3.651, 3.6375, 3.639];3.651;5;3.609;1;3.627375;29.019;wwww____;False;False;0;0;1;1;1;1
solar_pv_005;0;0;0;0;0;0;-0.001582;-2.5e-06;3.955696e-09;31.57101;2000-01-01T00:52:56;[3.6135, 3.6075, 3.6135, 3.6135, 3.642, 3.651, 3.6375, 3.639];3.651;5;3.6075;1;3.627188;29.0175;wwww____;False;False;0;0;1;1;1;1
solar_pv_005;0;0;0;0;0;0;-0.001582;-2.5e-06;3.955696e-09;31.59445;2000-01-01T00:53:02;[3.6135, 3.6075, 3.6135, 3.6135, 3.642, 3.651, 3.6375, 3.639];3.651;5;3.6075;1;3.627188;29.0175;wwww____;False;False;0;0;1;1;1;1
solar_pv_005;0;0;0;0;0;0;-0.001582;-2.5e-06;3.955696e-09;31.57101;2000-01-01T00:53:09;[3.6135, 3.609, 3.6135, 3.6135, 3.642, 3.651, 3.6375, 3.639];3.651;5;3.609;1;3.627375;29.019;wwww____;False;False;0;0;1;1;1;1
solar_pv_005;0;0;0;0;0;0;-0.001582;-2.5e-06;3.955696e-09;31.57101;2000-01-01T00:53:15;[3.6135, 3.6075, 3.6135, 3.6135, 3.642, 3.651, 3.6375, 3.639];3.651;5;3.6075;1;3.627188;29.0175;wwww____;False;False;0;0;1;1;1;1
solar_pv_005;0;0;0;0;0;0;-0.001582;-2.5e-06;3.955696e-09;31.50073;2000-01-01T00:53:21;[3.6135, 3.609, 3.6135, 3.6135, 3.642, 3.651, 3.6375, 3.639];3.651;5;3.609;1;3.627375;29.019;wwww____;False;False;0;0;1;1;1;1
solar_pv_005;0;0;0;0;0;0;-0.001582;-2.5e-06;3.955696e-09;31.59445;2000-01-01T00:53:27;[3.6135, 3.6075, 3.6135, 3.6135, 3.642, 3.651, 3.6375, 3.639];3.651;5;3.6075;1;3.627188;29.0175;wwww____;False;False;0;0;1;1;1;1
solar_pv_005;0;0;0;0;0;0;-0.001582;-2.5e-06;3.955696e-09;31.59445;2000-01-01T00:53:33;[3.6135, 3.609, 3.6135, 3.6135, 3.642, 3.651, 3.6375, 3.639];3.651;5;3.609;1;3.627375;29.019;wwww____;False;False;0;0;1;1;1;1
solar_pv_005;0;0;0;0;0;0;-0.001582;-2.5e-06;3.955696e-09;31.75872;2000-01-01T00:53:40;[3.6135, 3.609, 3.6135, 3.6135, 3.642, 3.651, 3.6375, 3.639];3.651;5;3.609;1;3.627375;29.019;wwww____;False;False;0;0;1;1;1;1
solar_pv_005;0;0;0;0;0;0;-0.001582;-2.5e-06;3.955696e-09;31.66479;2000-01-01T00:53:46;[3.6135, 3.6075, 3.6135, 3.6135, 3.642, 3.651, 3.6375, 3.639];3.651;5;3.6075;1;3.627188;29.0175;wwww____;False;False;0;0;1;1;1;1
solar_pv_005;0;0;0;0;0;0;-0.001582;-2.5e-06;3.955696e-09;31.64135;2000-01-01T00:53:52;[3.6135, 3.6075, 3.6135, 3.6135, 3.642, 3.651, 3.6375, 3.639];3.651;5;3.6075;1;3.627188;29.0175;wwww____;False;False;0;0;1;1;1;1
solar_pv_005;0;0;0;0;0;0;-0.001582;-2.5e-06;3.955696e-09;31.50073;2000-01-01T00:53:58;[3.6135, 3.6075, 3.6135, 3.6135, 3.642, 3.651, 3.6375, 3.639];3.651;5;3.6075;1;3.627188;29.0175;wwww____;False;False;0;0;1;1;1;1
solar_pv_005;0;0;0;0;0;0;-0.001582;-2.5e-06;3.955696e-09;31.68826;2000-01-01T00:54:05;[3.6135, 3.6075, 3.6135, 3.6135, 3.642, 3.651, 3.6375, 3.6405];3.651;5;3.6075;1;3.627375;29.019;wwww____;False;False;0;0;1;1;1;1
solar_pv_005;0;0;0;0;0;0;-0.001582;-2.5e-06;3.955696e-09;31.59445;2000-01-01T00:54:11;[3.6135, 3.6075, 3.6135, 3.6135, 3.642, 3.651, 3.6375, 3.639];3.651;5;3.6075;1;3.627188;29.0175;wwww____;False;False;0;0;1;1;1;1
solar_pv_005;0;0;0;0;0;0;-0.001582;-2.5e-06;3.955696e-09;31.68826;2000-01-01T00:54:17;[3.6135, 3.6075, 3.6135, 3.6135, 3.642, 3.651, 3.6375, 3.639];3.651;5;3.6075;1;3.627188;29.0175;wwww____;False;False;0;0;1;1;1;1
solar_pv_005;0;0;0;0;0;0;-0.001582;-2.5e-06;3.955696e-09;31.66479;2000-01-01T00:54:23;[3.6135, 3.6075, 3.6135, 3.6135, 3.642, 3.651, 3.6375, 3.639];3.651;5;3.6075;1;3.627188;29.0175;wwww____;False;False;0;0;1;1;1;1
solar_pv_005;0;0;0;0;0;0;-0.001582;-2.5e-06;3.955696e-09;31.73522;2000-01-01T00:54:29;[3.6135, 3.609, 3.6135, 3.6135, 3.642, 3.651, 3.6375, 3.639];3.651;5;3.609;1;3.627375;29.019;wwww____;False;False;0;0;1;1;1;1
solar_pv_005;0;0;0;0;0;0;-0.001582;-2.5e-06;3.955696e-09;31.80569;2000-01-01T00:54:36;[3.6135, 3.6075, 3.6135, 3.6135, 3.642, 3.651, 3.6375, 3.639];3.651;5;3.6075;1;3.627188;29.0175;wwww____;False;False;0;0;1;1;1;1
solar_pv_005;0;0;0;0;0;0;-0.001582;-2.5e-06;3.955696e-09;31.80569;2000-01-01T00:54:42;[3.6135, 3.6075, 3.6135, 3.6135, 3.642, 3.651, 3.6375, 3.639];3.651;5;3.6075;1;3.627188;29.0175;wwww____;False;False;0;0;1;1;1;1
solar_pv_005;0;0;0;0;0;0;-0.001582;-2.5e-06;3.955696e-09;31.80569;2000-01-01T00:54:48;[3.6135, 3.6075, 3.6135, 3.6135, 3.642, 3.651, 3.6375, 3.639];3.651;5;3.6075;1;3.627188;29.0175;wwww____;False;False;0;0;1;1;1;1
solar_pv_005;0;0;0;0;0;0;-0.001582;-2.5e-06;3.955696e-09;31.87625;2000-01-01T00:54:54;[3.6135, 3.6075, 3.6135, 3.6135, 3.642, 3.651, 3.6375, 3.639];3.651;5;3.6075;1;3.627188;29.0175;wwww____;False;False;0;0;1;1;1;1
solar_pv_005;0;0;0;0;0;0;-0.001582;-2.5e-06;3.955696e-09;31.78219;2000-01-01T00:55:01;[3.6135, 3.6075, 3.6135, 3.615, 3.642, 3.651, 3.6375, 3.639];3.651;5;3.6075;1;3.627375;29.019;wwww____;False;False;0;0;1;1;1;1
solar_pv_005;0;0;0;0;0;0;-0.001582;-2.5e-06;3.955696e-09;31.82922;2000-01-01T00:55:07;[3.6135, 3.609, 3.6135, 3.6135, 3.642, 3.651, 3.6375, 3.639];3.651;5;3.609;1;3.627375;29.019;wwww____;False;False;0;0;1;1;1;1
solar_pv_005;0;0;0;0;0;0;-0.001582;-2.5e-06;3.955696e-09;31.9233;2000-01-01T00:55:13;[3.6135, 3.6075, 3.6135, 3.6135, 3.642, 3.651, 3.6375, 3.639];3.651;5;3.6075;1;3.627188;29.0175;wwww____;False;False;0;0;1;1;1;1
solar_pv_005;0;0;0;0;0;0;-0.001582;-2.5e-06;3.955696e-09;31.75872;2000-01-01T00:55:19;[3.6135, 3.6075, 3.6135, 3.6135, 3.642, 3.651, 3.6375, 3.639];3.651;5;3.6075;1;3.627188;29.0175;wwww____;False;False;0;0;1;1;1;1
solar_pv_005;0;0;0;0;0;0;-0.001582;-2.5e-06;3.955696e-09;31.87625;2000-01-01T00:55:25;[3.6135, 3.6075, 3.6135, 3.6135, 3.642, 3.651, 3.6375, 3.639];3.651;5;3.6075;1;3.627188;29.0175;wwww____;False;False;0;0;1;1;1;1
solar_pv_005;0;0;0;0;0;0;-0.001582;-2.5e-06;3.955696e-09;31.82922;2000-01-01T00:55:32;[3.6135, 3.6075, 3.6135, 3.6135, 3.642, 3.651, 3.6375, 3.639];3.651;5;3.6075;1;3.627188;29.0175;wwww____;False;False;0;0;1;1;1;1
solar_pv_005;0;0;0;0;0;0;-0.001582;-2.5e-06;3.955696e-09;31.80569;2000-01-01T00:55:38;[3.6135, 3.609, 3.6135, 3.6135, 3.642, 3.651, 3.6375, 3.639];3.651;5;3.609;1;3.627375;29.019;wwww____;False;False;0;0;1;1;1;1
solar_pv_005;0;0;0;0;0;0;-0.001582;-2.5e-06;3.955696e-09;31.78219;2000-01-01T00:55:44;[3.6135, 3.6075, 3.6135, 3.6135, 3.642, 3.651, 3.6375, 3.639];3.651;5;3.6075;1;3.627188;29.0175;wwww____;False;False;0;0;1;1;1;1
solar_pv_005;0;0;0;0;0;0;-0.001582;-2.5e-06;3.955696e-09;31.61788;2000-01-01T00:55:50;[3.6135, 3.6075, 3.6135, 3.6135, 3.642, 3.651, 3.6375, 3.639];3.651;5;3.6075;1;3.627188;29.0175;wwww____;False;False;0;0;1;1;1;1
solar_pv_005;0;0;0;0;0;0;-0.001582;-2.5e-06;3.955696e-09;31.87625;2000-01-01T00:55:56;[3.6135, 3.6075, 3.6135, 3.6135, 3.642, 3.651, 3.6375, 3.639];3.651;5;3.6075;1;3.627188;29.0175;wwww____;False;False;0;0;1;1;1;1
solar_pv_005;0;0;0;0;0;0;-0.001582;-2.5e-06;3.955696e-09;31.75872;2000-01-01T00:56:03;[3.6135, 3.6075, 3.6135, 3.6135, 3.642, 3.651, 3.6375, 3.639];3.651;5;3.6075;1;3.627188;29.0175;wwww____;False;False;0;0;1;1;1;1
solar_pv_005;0;0;0;0;0;0;-0.001582;-2.5e-06;3.955696e-09;31.82922;2000-01-01T00:56:09;[3.6135, 3.6075, 3.6135, 3.6135, 3.642, 3.651, 3.6375, 3.639];3.651;5;3.6075;1;3.627188;29.0175;wwww____;False;False;0;0;1;1;1;1
solar_pv_005;0;0;0;0;0;0;-0.001582;-2.5e-06;3.955696e-09;31.78219;2000-01-01T00:56:15;[3.6135, 3.6075, 3.6135, 3.6135, 3.642, 3.651, 3.6375, 3.639];3.651;5;3.6075;1;3.627188;29.0175;wwww____;False;False;0;0;1;1;1;1
solar_pv_005;0;0;0;0;0;0;-0.001582;-2.5e-06;3.955696e-09;31.82922;2000-01-01T00:56:21;[3.6135, 3.6075, 3.6135, 3.6135, 3.642, 3.651, 3.6375, 3.639];3.651;5;3.6075;1;3.627188;29.0175;wwww____;False;False;0;0;1;1;1;1
solar_pv_005;0;0;0;0;0;0;-0.001582;-2.5e-06;3.955696e-09;31.85272;2000-01-01T00:56:28;[3.6135, 3.6075, 3.6135, 3.6135, 3.642, 3.651, 3.636, 3.639];3.651;5;3.6075;1;3.627;29.016;wwww____;False;False;0;0;1;1;1;1
solar_pv_005;0;0;0;0;0;0;-0.001582;-2.5e-06;3.955696e-09;31.78219;2000-01-01T00:56:34;[3.6135, 3.6075, 3.6135, 3.6135, 3.642, 3.651, 3.6375, 3.639];3.651;5;3.6075;1;3.627188;29.0175;wwww____;False;False;0;0;1;1;1;1
solar_pv_005;0;0;0;0;0;0;-0.001582;-2.5e-06;3.955696e-09;31.75872;2000-01-01T00:56:40;[3.6135, 3.6075, 3.6135, 3.6135, 3.642, 3.651, 3.6375, 3.639];3.651;5;3.6075;1;3.627188;29.0175;wwww____;False;False;0;0;1;1;1;1
solar_pv_005;0;0;0;0;0;0;-0.001582;-2.5e-06;3.955696e-09;31.73522;2000-01-01T00:56:46;[3.6135, 3.6075, 3.6135, 3.6135, 3.642, 3.651, 3.6375, 3.639];3.651;5;3.6075;1;3.627188;29.0175;wwww____;False;False;0;0;1;1;1;1
solar_pv_005;0;0;0;0;0;0;-0.001582;-2.5e-06;3.955696e-09;31.78219;2000-01-01T00:56:52;[3.6135, 3.6075, 3.6135, 3.6135, 3.642, 3.651, 3.6375, 3.639];3.651;5;3.6075;1;3.627188;29.0175;wwww____;False;False;0;0;1;1;1;1
solar_pv_005;0;0;0;0;0;0;-0.001582;-2.5e-06;3.955696e-09;31.87625;2000-01-01T00:56:59;[3.6135, 3.6075, 3.6135, 3.6135, 3.642, 3.651, 3.6375, 3.639];3.651;5;3.6075;1;3.627188;29.0175;wwww____;False;False;0;0;1;1;1;1
solar_pv_005;0;0;0;0;0;0;-0.001582;-2.5e-06;3.955696e-09;31.85272;2000-01-01T00:57:05;[3.6135, 3.6075, 3.6135, 3.6135, 3.642, 3.651, 3.636, 3.639];3.651;5;3.6075;1;3.627;29.016;wwww____;False;False;0;0;1;1;1;1
solar_pv_005;0;0;0;0;0;0;-0.001582;-2.5e-06;3.955696e-09;31.82922;2000-01-01T00:57:11;[3.6135, 3.6075, 3.6135, 3.6135, 3.642, 3.651, 3.636, 3.639];3.651;5;3.6075;1;3.627;29.016;wwww____;False;False;0;0;1;1;1;1
solar_pv_005;0;0;0;0;0;0;-0.001582;-2.5e-06;3.955696e-09;31.73522;2000-01-01T00:57:17;[3.6135, 3.6075, 3.6135, 3.6135, 3.642, 3.651, 3.636, 3.639];3.651;5;3.6075;1;3.627;29.016;wwww____;False;False;0;0;1;1;1;1
solar_pv_005;0;0;0;0;0;0;-0.001582;-2.5e-06;3.955696e-09;31.87625;2000-01-01T00:57:23;[3.6135, 3.6075, 3.6135, 3.6135, 3.642, 3.651, 3.6375, 3.639];3.651;5;3.6075;1;3.627188;29.0175;wwww____;False;False;0;0;1;1;1;1
solar_pv_005;0;0;0;0;0;0;-0.001582;-2.5e-06;3.955696e-09;31.82922;2000-01-01T00:57:30;[3.6135, 3.6075, 3.6135, 3.6135, 3.642, 3.651, 3.6375, 3.639];3.651;5;3.6075;1;3.627188;29.0175;wwww____;False;False;0;0;1;1;1;1
solar_pv_005;0;0;0;0;0;0;-0.001582;-2.5e-06;3.955696e-09;31.80569;2000-01-01T00:57:36;[3.6135, 3.6075, 3.6135, 3.6135, 3.642, 3.651, 3.636, 3.639];3.651;5;3.6075;1;3.627;29.016;wwww____;False;False;0;0;1;1;1;1
solar_pv_005;0;0;0;0;0;0;-0.001582;-2.5e-06;3.955696e-09;31.75872;2000-01-01T00:57:42;[3.6135, 3.6075, 3.6135, 3.6135, 3.642, 3.651, 3.636, 3.639];3.651;5;3.6075;1;3.627;29.016;wwww____;False;False;0;0;1;1;1;1
solar_pv_005;0;0;0;0;0;0;-0.001582;-2.5e-06;3.955696e-09;31.64135;2000-01-01T00:57:48;[3.6135, 3.6075, 3.6135, 3.6135, 3.642, 3.651, 3.636, 3.639];3.651;5;3.6075;1;3.627;29.016;wwww____;False;False;0;0;1;1;1;1
solar_pv_005;0;0;0;0;0;0;-0.001582;-2.5e-06;3.955696e-09;31.64135;2000-01-01T00:57:55;[3.6135, 3.6075, 3.6135, 3.6135, 3.642, 3.651, 3.636, 3.639];3.651;5;3.6075;1;3.627;29.016;wwww____;False;False;0;0;1;1;1;1
solar_pv_005;0;0;0;0;0;0;-0.001582;-2.5e-06;3.955696e-09;31.66479;2000-01-01T00:58:01;[3.6135, 3.6075, 3.6135, 3.6135, 3.642, 3.651, 3.636, 3.639];3.651;5;3.6075;1;3.627;29.016;wwww____;False;False;0;0;1;1;1;1
solar_pv_005;0;0;0;0;0;0;-0.001582;-2.5e-06;3.955696e-09;31.82922;2000-01-01T00:58:07;[3.6135, 3.6075, 3.6135, 3.6135, 3.642, 3.651, 3.6375, 3.639];3.651;5;3.6075;1;3.627188;29.0175;wwww____;False;False;0;0;1;1;1;1
solar_pv_005;0;0;0;0;0;0;-0.001582;-2.5e-06;3.955696e-09;31.75872;2000-01-01T00:58:13;[3.6135, 3.6075, 3.6135, 3.6135, 3.642, 3.651, 3.6375, 3.639];3.651;5;3.6075;1;3.627188;29.0175;wwww____;False;False;0;0;1;1;1;1
solar_pv_005;0;0;0;0;0;0;-0.001582;-2.5e-06;3.955696e-09;31.68826;2000-01-01T00:58:19;[3.6135, 3.6075, 3.6135, 3.6135, 3.642, 3.651, 3.636, 3.639];3.651;5;3.6075;1;3.627;29.016;wwww____;False;False;0;0;1;1;1;1
solar_pv_005;0;0;0;0;0;0;-0.001582;-2.5e-06;3.955696e-09;31.75872;2000-01-01T00:58:26;[3.615, 3.6075, 3.6135, 3.6135, 3.642, 3.651, 3.636, 3.639];3.651;5;3.6075;1;3.627187;29.0175;wwww____;False;False;0;0;1;1;1;1
solar_pv_005;0;0;0;0;0;0;-0.001582;-2.5e-06;3.955696e-09;31.73522;2000-01-01T00:58:32;[3.6135, 3.6075, 3.615, 3.6135, 3.642, 3.6495, 3.636, 3.639];3.6495;5;3.6075;1;3.627;29.016;wwww____;False;False;0;0;1;1;1;1
solar_pv_005;0;0;0;0;0;0;-0.001582;-2.5e-06;3.955696e-09;31.75872;2000-01-01T00:58:38;[3.6135, 3.6075, 3.6135, 3.6135, 3.642, 3.651, 3.636, 3.639];3.651;5;3.6075;1;3.627;29.016;wwww____;False;False;0;0;1;1;1;1
solar_pv_005;0;0;0;0;0;0;-0.001582;-2.5e-06;3.955696e-09;31.78219;2000-01-01T00:58:44;[3.6135, 3.6075, 3.6135, 3.6135, 3.642, 3.651, 3.636, 3.639];3.651;5;3.6075;1;3.627;29.016;wwww____;False;False;0;0;1;1;1;1
solar_pv_005;0;0;0;0;0;0;-0.001582;-2.5e-06;3.955696e-09;31.73522;2000-01-01T00:58:50;[3.6135, 3.6075, 3.6135, 3.6135, 3.642, 3.651, 3.636, 3.639];3.651;5;3.6075;1;3.627;29.016;wwww____;False;False;0;0;1;1;1;1
solar_pv_005;0;0;0;0;0;0;-0.001582;-2.5e-06;3.955696e-09;31.75872;2000-01-01T00:58:57;[3.6135, 3.6075, 3.6135, 3.6135, 3.642, 3.651, 3.636, 3.639];3.651;5;3.6075;1;3.627;29.016;wwww____;False;False;0;0;1;1;1;1
solar_pv_005;0;0;0;0;0;0;-0.001582;-2.5e-06;3.955696e-09;31.75872;2000-01-01T00:59:03;[3.6135, 3.6075, 3.6135, 3.6135, 3.6405, 3.651, 3.636, 3.639];3.651;5;3.6075;1;3.626813;29.0145;wwww____;False;False;0;0;1;1;1;1
solar_pv_005;0;0;0;0;0;0;-0.001582;-2.5e-06;3.955696e-09;31.73522;2000-01-01T00:59:09;[3.6135, 3.6075, 3.6135, 3.6135, 3.642, 3.651, 3.636, 3.639];3.651;5;3.6075;1;3.627;29.016;wwww____;False;False;0;0;1;1;1;1
solar_pv_005;0;0;0;0;0;0;-0.001582;-2.5e-06;3.955696e-09;31.68826;2000-01-01T00:59:15;[3.6135, 3.6075, 3.6135, 3.6135, 3.642, 3.651, 3.6375, 3.639];3.651;5;3.6075;1;3.627188;29.0175;wwww____;False;False;0;0;1;1;1;1
solar_pv_005;0;0;0;0;0;0;-0.001582;-2.5e-06;3.955696e-09;31.68826;2000-01-01T00:59:22;[3.6135, 3.6075, 3.6135, 3.6135, 3.642, 3.651, 3.6375, 3.639];3.651;5;3.6075;1;3.627188;29.0175;wwww____;False;False;0;0;1;1;1;1
solar_pv_005;0;0;0;0;0;0;-0.001582;-2.5e-06;3.955696e-09;31.75872;2000-01-01T00:59:28;[3.6135, 3.6075, 3.6135, 3.6135, 3.642, 3.651, 3.636, 3.639];3.651;5;3.6075;1;3.627;29.016;wwww____;False;False;0;0;1;1;1;1
solar_pv_005;0;0;0;0;0;0;-0.001582;-2.5e-06;3.955696e-09;31.78219;2000-01-01T00:59:34;[3.6135, 3.6075, 3.6135, 3.6135, 3.642, 3.651, 3.636, 3.639];3.651;5;3.6075;1;3.627;29.016;wwww____;False;False;0;0;1;1;1;1
solar_pv_005;0;0;0;0;0;0;-0.001582;-2.5e-06;3.955696e-09;31.75872;2000-01-01T00:59:40;[3.6135, 3.6075, 3.6135, 3.6135, 3.642, 3.651, 3.6375, 3.639];3.651;5;3.6075;1;3.627188;29.0175;wwww____;False;False;0;0;1;1;1;1
solar_pv_005;0;0;0;0;0;0;-0.001582;-2.5e-06;3.955696e-09;31.64135;2000-01-01T00:59:46;[3.6135, 3.6075, 3.6135, 3.6135, 3.642, 3.651, 3.6375, 3.639];3.651;5;3.6075;1;3.627188;29.0175;wwww____;False;False;0;0;1;1;1;1
solar_pv_005;0;0;0;0;0;0;-0.001582;-2.5e-06;3.955696e-09;31.64135;2000-01-01T00:59:53;[3.6135, 3.6075, 3.6135, 3.6135, 3.642, 3.651, 3.636, 3.639];3.651;5;3.6075;1;3.627;29.016;wwww____;False;False;0;0;1;1;1;1
solar_pv_005;0;0;0;0;0;0;-0.001582;-2.5e-06;3.955696e-09;31.64135;2000-01-01T00:59:59;[3.6135, 3.6075, 3.6135, 3.6135, 3.642, 3.651, 3.6375, 3.639];3.651;5;3.6075;1;3.627188;29.0175;wwww____;False;False;0;0;1;1;1;1
solar_pv_005;0;0;0;0;0;0;-0.001582;-2.5e-06;3.955696e-09;31.57101;2000-01-01T01:00:05;[3.615, 3.6075, 3.6135, 3.6135, 3.642, 3.651, 3.6375, 3.639];3.651;5;3.6075;1;3.627375;29.019;wwww____;False;False;0;0;1;1;1;1
solar_pv_005;0;0;0;0;0;0;-0.001582;-2.5e-06;3.955696e-09;31.68826;2000-01-01T01:00:11;[3.6135, 3.6075, 3.6135, 3.6135, 3.642, 3.651, 3.6375, 3.639];3.651;5;3.6075;1;3.627188;29.0175;wwww____;False;False;0;0;1;1;1;1
solar_pv_005;0;0;0;0;0;0;-0.001582;-2.5e-06;3.955696e-09;31.66479;2000-01-01T01:00:17;[3.6135, 3.6075, 3.6135, 3.6135, 3.642, 3.651, 3.6375, 3.639];3.651;5;3.6075;1;3.627188;29.0175;wwww____;False;False;0;0;1;1;1;1
solar_pv_005;0;0;0;0;0;0;-0.001582;-2.5e-06;3.955696e-09;31.66479;2000-01-01T01:00:24;[3.6135, 3.609, 3.6135, 3.6135, 3.642, 3.651, 3.636, 3.639];3.651;5;3.609;1;3.627187;29.0175;wwww____;False;False;0;0;1;1;1;1
solar_pv_005;0;0;0;0;0;0;-0.001582;-2.5e-06;3.955696e-09;31.61788;2000-01-01T01:00:30;[3.6135, 3.6075, 3.6135, 3.6135, 3.642, 3.651, 3.6375, 3.639];3.651;5;3.6075;1;3.627188;29.0175;wwww____;False;False;0;0;1;1;1;1
solar_pv_005;0;0;0;0;0;0;-0.001582;-2.5e-06;3.955696e-09;31.64135;2000-01-01T01:00:36;[3.615, 3.6075, 3.6135, 3.6135, 3.642, 3.651, 3.6375, 3.639];3.651;5;3.6075;1;3.627375;29.019;wwww____;False;False;0;0;1;1;1;1
solar_pv_005;0;0;0;0;0;0;-0.001582;-2.5e-06;3.955696e-09;31.73522;2000-01-01T01:00:42;[3.6135, 3.609, 3.6135, 3.6135, 3.642, 3.651, 3.636, 3.639];3.651;5;3.609;1;3.627187;29.0175;wwww____;False;False;0;0;1;1;1;1
solar_pv_005;0;0;0;0;0;0;-0.001582;-2.5e-06;3.955696e-09;31.89977;2000-01-01T01:00:49;[3.6135, 3.6075, 3.615, 3.6135, 3.642, 3.651, 3.6375, 3.639];3.651;5;3.6075;1;3.627375;29.019;wwww____;False;False;0;0;1;1;1;1
solar_pv_005;0;0;0;0;0;0;-0.001582;-2.5e-06;3.955696e-09;31.82922;2000-01-01T01:00:55;[3.6135, 3.6075, 3.6135, 3.6135, 3.642, 3.651, 3.6375, 3.639];3.651;5;3.6075;1;3.627188;29.0175;wwww____;False;False;0;0;1;1;1;1
solar_pv_005;0;0;0;0;0;0;-0.001582;-2.5e-06;3.955696e-09;31.80569;2000-01-01T01:01:01;[3.6135, 3.6075, 3.6135, 3.6135, 3.642, 3.651, 3.6375, 3.639];3.651;5;3.6075;1;3.627188;29.0175;wwww____;False;False;0;0;1;1;1;1
solar_pv_005;0;0;0;0;0;0;-0.001582;-2.5e-06;3.955696e-09;31.89977;2000-01-01T01:01:07;[3.6135, 3.609, 3.6135, 3.6135, 3.642, 3.651, 3.6375, 3.639];3.651;5;3.609;1;3.627375;29.019;wwww____;False;False;0;0;1;1;1;1
solar_pv_005;0;0;0;0;0;0;-0.001582;-2.5e-06;3.955696e-09;31.75872;2000-01-01T01:01:13;[3.6135, 3.6075, 3.6135, 3.6135, 3.642, 3.651, 3.6375, 3.639];3.651;5;3.6075;1;3.627188;29.0175;wwww____;False;False;0;0;1;1;1;1
solar_pv_005;0;0;0;0;0;0;-0.001582;-2.5e-06;3.955696e-09;31.82922;2000-01-01T01:01:20;[3.6135, 3.6075, 3.6135, 3.6135, 3.642, 3.651, 3.6375, 3.639];3.651;5;3.6075;1;3.627188;29.0175;wwww____;False;False;0;0;1;1;1;1
solar_pv_005;0;0;0;0;0;0;-0.001582;-2.5e-06;3.955696e-09;31.78219;2000-01-01T01:01:26;[3.6135, 3.6075, 3.6135, 3.615, 3.642, 3.651, 3.6375, 3.639];3.651;5;3.6075;1;3.627375;29.019;wwww____;False;False;0;0;1;1;1;1
solar_pv_005;0;0;0;0;0;0;-0.001582;-2.5e-06;3.955696e-09;31.85272;2000-01-01T01:01:32;[3.6135, 3.6075, 3.6135, 3.6135, 3.642, 3.651, 3.6375, 3.639];3.651;5;3.6075;1;3.627188;29.0175;wwww____;False;False;0;0;1;1;1;1
solar_pv_005;0;0;0;0;0;0;-0.001582;-2.5e-06;3.955696e-09;31.78219;2000-01-01T01:01:38;[3.6135, 3.6075, 3.6135, 3.6135, 3.642, 3.651, 3.6375, 3.639];3.651;5;3.6075;1;3.627188;29.0175;wwww____;False;False;0;0;1;1;1;1
solar_pv_005;0;0;0;0;0;0;-0.001582;-2.5e-06;3.955696e-09;31.75872;2000-01-01T01:01:45;[3.6135, 3.609, 3.6135, 3.6135, 3.642, 3.651, 3.6375, 3.639];3.651;5;3.609;1;3.627375;29.019;wwww____;False;False;0;0;1;1;1;1
solar_pv_005;0;0;0;0;0;0;-0.001582;-2.5e-06;3.955696e-09;31.85272;2000-01-01T01:01:51;[3.6135, 3.6075, 3.6135, 3.6135, 3.642, 3.651, 3.6375, 3.639];3.651;5;3.6075;1;3.627188;29.0175;wwww____;False;False;0;0;1;1;1;1
solar_pv_005;0;0;0;0;0;0;-0.001582;-2.5e-06;3.955696e-09;31.87625;2000-01-01T01:01:57;[3.6135, 3.609, 3.6135, 3.6135, 3.642, 3.651, 3.6375, 3.639];3.651;5;3.609;1;3.627375;29.019;wwww____;False;False;0;0;1;1;1;1
solar_pv_005;0;0;0;0;0;0;-0.001582;-2.5e-06;3.955696e-09;31.75872;2000-01-01T01:02:03;[3.6135, 3.6075, 3.6135, 3.6135, 3.642, 3.651, 3.6375, 3.639];3.651;5;3.6075;1;3.627188;29.0175;wwww____;False;False;0;0;1;1;1;1
solar_pv_005;0;0;0;0;0;0;-0.001582;-2.5e-06;3.955696e-09;31.82922;2000-01-01T01:02:09;[3.6135, 3.6075, 3.6135, 3.6135, 3.642, 3.651, 3.6375, 3.639];3.651;5;3.6075;1;3.627188;29.0175;wwww____;False;False;0;0;1;1;1;1
solar_pv_005;0;0;0;0;0;0;-0.001582;-2.5e-06;3.955696e-09;31.85272;2000-01-01T01:02:16;[3.6135, 3.6075, 3.6135, 3.6135, 3.642, 3.651, 3.6375, 3.639];3.651;5;3.6075;1;3.627188;29.0175;wwww____;False;False;0;0;1;1;1;1
solar_pv_005;0;0;0;0;0;0;-0.001582;-2.5e-06;3.955696e-09;31.89977;2000-01-01T01:02:22;[3.6135, 3.6075, 3.6135, 3.6135, 3.642, 3.651, 3.6375, 3.639];3.651;5;3.6075;1;3.627188;29.0175;wwww____;False;False;0;0;1;1;1;1
solar_pv_005;0;0;0;0;0;0;-0.001582;-2.5e-06;3.955696e-09;31.75872;2000-01-01T01:02:28;[3.6135, 3.6075, 3.6135, 3.6135, 3.642, 3.651, 3.6375, 3.639];3.651;5;3.6075;1;3.627188;29.0175;wwww____;False;False;0;0;1;1;1;1
solar_pv_005;0;0;0;0;0;0;-0.001582;-2.5e-06;3.955696e-09;31.89977;2000-01-01T01:02:34;[3.6135, 3.609, 3.6135, 3.6135, 3.642, 3.651, 3.6375, 3.639];3.651;5;3.609;1;3.627375;29.019;wwww____;False;False;0;0;1;1;1;1
solar_pv_005;0;0;0;0;0;0;-0.001582;-2.5e-06;3.955696e-09;31.78219;2000-01-01T01:02:40;[3.6135, 3.6075, 3.6135, 3.6135, 3.642, 3.651, 3.6375, 3.639];3.651;5;3.6075;1;3.627188;29.0175;wwww____;False;False;0;0;1;1;1;1
solar_pv_005;0;0;0;0;0;0;-0.001582;-2.5e-06;3.955696e-09;31.87625;2000-01-01T01:02:47;[3.6135, 3.6075, 3.6135, 3.6135, 3.642, 3.651, 3.6375, 3.639];3.651;5;3.6075;1;3.627188;29.0175;wwww____;False;False;0;0;1;1;1;1
solar_pv_005;0;0;0;0;0;0;-0.001582;-2.5e-06;3.955696e-09;31.87625;2000-01-01T01:02:53;[3.6135, 3.6075, 3.6135, 3.6135, 3.642, 3.651, 3.6375, 3.639];3.651;5;3.6075;1;3.627188;29.0175;wwww____;False;False;0;0;1;1;1;1
solar_pv_005;0;0;0;0;0;0;-0.001582;-2.5e-06;3.955696e-09;31.78219;2000-01-01T01:02:59;[3.6135, 3.6075, 3.6135, 3.6135, 3.642, 3.651, 3.6375, 3.639];3.651;5;3.6075;1;3.627188;29.0175;wwww____;False;False;0;0;1;1;1;1
solar_pv_005;0;0;0;0;0;0;-0.001582;-2.5e-06;3.955696e-09;31.87625;2000-01-01T01:03:05;[3.6135, 3.609, 3.6135, 3.6135, 3.642, 3.651, 3.6375, 3.639];3.651;5;3.609;1;3.627375;29.019;wwww____;False;False;0;0;1;1;1;1
solar_pv_005;0;0;0;0;0;0;-0.001582;-2.5e-06;3.955696e-09;31.87625;2000-01-01T01:03:12;[3.6135, 3.609, 3.6135, 3.6135, 3.642, 3.651, 3.6375, 3.639];3.651;5;3.609;1;3.627375;29.019;wwww____;False;False;0;0;1;1;1;1
solar_pv_005;0;0;0;0;0;0;-0.001582;-2.5e-06;3.955696e-09;31.89977;2000-01-01T01:03:18;[3.6135, 3.6075, 3.6135, 3.6135, 3.642, 3.651, 3.6375, 3.639];3.651;5;3.6075;1;3.627188;29.0175;wwww____;False;False;0;0;1;1;1;1
solar_pv_005;0;0;0;0;0;0;-0.001582;-2.5e-06;3.955696e-09;31.89977;2000-01-01T01:03:24;[3.6135, 3.609, 3.6135, 3.6135, 3.642, 3.651, 3.6375, 3.639];3.651;5;3.609;1;3.627375;29.019;wwww____;False;False;0;0;1;1;1;1
solar_pv_005;0;0;0;0;0;0;-0.001582;-2.5e-06;3.955696e-09;31.89977;2000-01-01T01:03:30;[3.6135, 3.6075, 3.6135, 3.6135, 3.642, 3.651, 3.6375, 3.639];3.651;5;3.6075;1;3.627188;29.0175;wwww____;False;False;0;0;1;1;1;1
solar_pv_005;0;0;0;0;0;0;-0.001582;-2.5e-06;3.955696e-09;31.94683;2000-01-01T01:03:36;[3.6135, 3.6075, 3.6135, 3.6135, 3.642, 3.651, 3.6375, 3.639];3.651;5;3.6075;1;3.627188;29.0175;wwww____;False;False;0;0;1;1;1;1
solar_pv_005;0;0;0;0;0;0;-0.001582;-2.5e-06;3.955696e-09;31.97039;2000-01-01T01:03:43;[3.6135, 3.6075, 3.6135, 3.6135, 3.642, 3.651, 3.636, 3.639];3.651;5;3.6075;1;3.627;29.016;wwww____;False;False;0;0;1;1;1;1
solar_pv_005;0;0;0;0;0;0;-0.001582;-2.5e-06;3.955696e-09;31.94683;2000-01-01T01:03:49;[3.6135, 3.6075, 3.6135, 3.6135, 3.642, 3.6495, 3.636, 3.639];3.6495;5;3.6075;1;3.626812;29.0145;wwww____;False;False;0;0;1;1;1;1
solar_pv_005;0;0;0;0;0;0;-0.001582;-2.5e-06;3.955696e-09;31.9233;2000-01-01T01:03:55;[3.6135, 3.609, 3.6135, 3.6135, 3.642, 3.651, 3.6375, 3.639];3.651;5;3.609;1;3.627375;29.019;wwww____;False;False;0;0;1;1;1;1
solar_pv_005;0;0;0;0;0;0;-0.001582;-2.5e-06;3.955696e-09;31.97039;2000-01-01T01:04:01;[3.6135, 3.609, 3.6135, 3.6135, 3.642, 3.651, 3.6375, 3.639];3.651;5;3.609;1;3.627375;29.019;wwww____;False;False;0;0;1;1;1;1
solar_pv_005;0;0;0;0;0;0;-0.001582;-2.5e-06;3.955696e-09;31.89977;2000-01-01T01:04:08;[3.6135, 3.6075, 3.6135, 3.6135, 3.642, 3.6495, 3.6375, 3.639];3.6495;5;3.6075;1;3.627;29.016;wwww____;False;False;0;0;1;1;1;1
solar_pv_005;0;0;0;0;0;0;-0.001582;-2.5e-06;3.955696e-09;31.85272;2000-01-01T01:04:14;[3.6135, 3.6075, 3.6135, 3.6135, 3.642, 3.6495, 3.6375, 3.639];3.6495;5;3.6075;1;3.627;29.016;wwww____;False;False;0;0;1;1;1;1
solar_pv_005;0;0;0;0;0;0;-0.001582;-2.5e-06;3.955696e-09;31.87625;2000-01-01T01:04:20;[3.6135, 3.6075, 3.6135, 3.6135, 3.642, 3.651, 3.6375, 3.639];3.651;5;3.6075;1;3.627188;29.0175;wwww____;False;False;0;0;1;1;1;1
solar_pv_005;0;0;0;0;0;0;-0.001582;-2.5e-06;3.955696e-09;31.89977;2000-01-01T01:04:26;[3.6135, 3.6075, 3.6135, 3.6135, 3.642, 3.651, 3.6375, 3.639];3.651;5;3.6075;1;3.627188;29.0175;wwww____;False;False;0;0;1;1;1;1
solar_pv_005;0;0;0;0;0;0;-0.001582;-2.5e-06;3.955696e-09;31.89977;2000-01-01T01:04:32;[3.6135, 3.609, 3.6135, 3.6135, 3.642, 3.6495, 3.6375, 3.639];3.6495;5;3.609;1;3.627188;29.0175;wwww____;False;False;0;0;1;1;1;1
solar_pv_005;0;0;0;0;0;0;-0.001582;-2.5e-06;3.955696e-09;31.94683;2000-01-01T01:04:39;[3.6135, 3.609, 3.6135, 3.6135, 3.642, 3.651, 3.6375, 3.639];3.651;5;3.609;1;3.627375;29.019;wwww____;False;False;0;0;1;1;1;1
solar_pv_005;0;0;0;0;0;0;-0.001582;-2.5e-06;3.955696e-09;31.94683;2000-01-01T01:04:45;[3.6135, 3.6075, 3.6135, 3.6135, 3.642, 3.651, 3.6375, 3.639];3.651;5;3.6075;1;3.627188;29.0175;wwww____;False;False;0;0;1;1;1;1
solar_pv_005;1;1;0;0;0;0;0;0;0;31.97039;2000-01-01T01:04:51;[3.618, 3.612, 3.6135, 3.6135, 3.642, 3.651, 3.6375, 3.639];3.651;5;3.612;1;3.628313;29.0265;wwww____;True;True;0;0;1;1;1;1
solar_pv_005;1;1;0;0;0;0;0;0;0;31.94683;2000-01-01T01:04:57;[3.618, 3.6135, 3.6195, 3.618, 3.657, 3.6555, 3.642, 3.6435];3.657;4;3.6135;1;3.633375;29.067;wwww____;True;True;0;0;1;1;1;1
solar_pv_005;1;1;0;0;0;0;0;0;0;31.9233;2000-01-01T01:05:03;[3.6195, 3.6135, 3.6195, 3.6195, 3.657, 3.6555, 3.642, 3.645];3.657;4;3.6135;1;3.633938;29.0715;wwww____;True;True;0;0;1;1;1;1
solar_pv_005;1;1;0;0;0;0;-0.001582;-2.5e-06;3.955696e-09;31.89977;2000-01-01T01:05:10;[3.6195, 3.6135, 3.621, 3.6195, 3.657, 3.657, 3.6435, 3.645];3.657;4;3.6135;1;3.6345;29.076;wwww____;True;True;0;0;1;1;1;1
solar_pv_005;1;1;0;0;0;0;0;0;0;31.9233;2000-01-01T01:05:16;[3.6195, 3.615, 3.6195, 3.621, 3.6585, 3.657, 3.6435, 3.6465];3.6585;4;3.615;1;3.635062;29.0805;wwww____;True;True;0;0;1;1;1;1
solar_pv_005;1;1;0;0;0;0;-0.001582;-2.5e-06;3.955696e-09;31.94683;2000-01-01T01:05:22;[3.621, 3.615, 3.6195, 3.621, 3.6585, 3.657, 3.6435, 3.6465];3.6585;4;3.615;1;3.63525;29.082;wwww____;True;True;0;0;1;1;1;1
solar_pv_005;1;1;0;0;0;0;0;0;0;31.82922;2000-01-01T01:05:28;[3.621, 3.615, 3.621, 3.621, 3.6585, 3.657, 3.645, 3.6465];3.6585;4;3.615;1;3.635625;29.085;wwww____;True;True;0;0;1;1;1;1
solar_pv_005;1;1;0;0;0;0;-0.001582;-2.5e-06;3.955696e-09;31.82922;2000-01-01T01:05:34;[3.621, 3.615, 3.6225, 3.621, 3.66, 3.6585, 3.645, 3.6465];3.66;4;3.615;1;3.636188;29.0895;wwww____;True;True;0;0;1;1;1;1
solar_pv_005;1;1;0;0;0;0;-0.001582;-2.5e-06;3.955696e-09;31.82922;2000-01-01T01:05:40;[3.621, 3.6165, 3.621, 3.621, 3.66, 3.6585, 3.645, 3.648];3.66;4;3.6165;1;3.636375;29.091;wwww____;True;True;0;0;1;1;1;1
solar_pv_005;1;1;0;0;0;0;-0.001582;-2.5e-06;3.955696e-09;31.82922;2000-01-01T01:05:47;[3.621, 3.6165, 3.6225, 3.6225, 3.66, 3.6585, 3.645, 3.6465];3.66;4;3.6165;1;3.636563;29.0925;wwww____;True;True;0;0;1;1;1;1
solar_pv_005;1;1;0;0;0;0;-0.001582;-2.5e-06;3.955696e-09;31.78219;2000-01-01T01:05:53;[3.621, 3.6165, 3.6225, 3.6225, 3.66, 3.6585, 3.645, 3.648];3.66;4;3.6165;1;3.63675;29.094;wwww____;True;True;0;0;1;1;1;1
solar_pv_005;1;1;0;0;0;0;0;0;0;31.73522;2000-01-01T01:05:59;[3.6225, 3.6165, 3.621, 3.6225, 3.66, 3.6585, 3.6465, 3.648];3.66;4;3.6165;1;3.636938;29.0955;wwww____;True;True;0;0;1;1;1;1
solar_pv_005;1;1;0;0;0;0;-0.001582;-2.5e-06;3.955696e-09;31.68826;2000-01-01T01:06:05;[3.6225, 3.6165, 3.6225, 3.6225, 3.66, 3.66, 3.6465, 3.648];3.66;4;3.6165;1;3.637312;29.0985;wwww____;True;True;0;0;1;1;1;1
solar_pv_005;1;1;0;0;0;0;-0.001582;-2.5e-06;3.955696e-09;31.78219;2000-01-01T01:06:11;[3.6225, 3.618, 3.6225, 3.6225, 3.66, 3.66, 3.6465, 3.648];3.66;4;3.618;1;3.6375;29.1;wwww____;True;True;0;0;1;1;1;1
solar_pv_005;1;1;0;0;0;0;-0.001582;-2.5e-06;3.955696e-09;31.99395;2000-01-01T01:06:17;[3.6225, 3.618, 3.6225, 3.624, 3.6615, 3.66, 3.6465, 3.6495];3.6615;4;3.618;1;3.638062;29.1045;wwww____;True;True;0;0;1;1;1;1
solar_pv_005;1;1;0;0;0;0;0;0;0;31.85272;2000-01-01T01:06:24;[3.6225, 3.618, 3.6225, 3.6225, 3.6615, 3.66, 3.6465, 3.648];3.6615;4;3.618;1;3.637687;29.1015;wwww____;True;True;0;0;1;1;1;1
solar_pv_005;1;1;0;0;0;0;-0.001582;-2.5e-06;3.955696e-09;31.89977;2000-01-01T01:06:30;[3.6225, 3.618, 3.6225, 3.6225, 3.6615, 3.66, 3.6465, 3.6495];3.6615;4;3.618;1;3.637875;29.103;wwww____;True;True;0;0;1;1;1;1
solar_pv_005;1;1;0;0;0;0;-0.001582;-2.5e-06;3.955696e-09;31.94683;2000-01-01T01:06:36;[3.6225, 3.618, 3.6225, 3.6225, 3.6615, 3.66, 3.648, 3.6495];3.6615;4;3.618;1;3.638062;29.1045;wwww____;True;True;0;0;1;1;1;1
solar_pv_005;1;1;0;0;0;0;-0.001582;-2.5e-06;3.955696e-09;31.89977;2000-01-01T01:06:42;[3.624, 3.618, 3.624, 3.624, 3.6615, 3.6615, 3.648, 3.6495];3.6615;4;3.618;1;3.638813;29.1105;wwww____;True;True;0;0;1;1;1;1
solar_pv_005;1;1;0;0;0;0;-0.001582;-2.5e-06;3.955696e-09;31.94683;2000-01-01T01:06:48;[3.6225, 3.618, 3.624, 3.624, 3.6615, 3.66, 3.648, 3.6495];3.6615;4;3.618;1;3.638438;29.1075;wwww____;True;True;0;0;1;1;1;1
solar_pv_005;1;1;0;0;0;0;-0.001582;-2.5e-06;3.955696e-09;32.01751;2000-01-01T01:06:55;[3.624, 3.618, 3.624, 3.624, 3.6615, 3.66, 3.648, 3.6495];3.6615;4;3.618;1;3.638625;29.109;wwww____;True;True;0;0;1;1;1;1
solar_pv_005;1;1;0;0;0;0;-0.001582;-2.5e-06;3.955696e-09;32.06466;2000-01-01T01:07:01;[3.624, 3.6195, 3.624, 3.624, 3.6615, 3.6615, 3.648, 3.6495];3.6615;4;3.6195;1;3.639;29.112;wwww____;True;True;0;0;1;1;1;1
solar_pv_005;1;1;0;0;0;0;-0.001582;-2.5e-06;3.955696e-09;32.13546;2000-01-01T01:07:07;[3.624, 3.618, 3.624, 3.624, 3.6615, 3.6615, 3.648, 3.6495];3.6615;4;3.618;1;3.638813;29.1105;wwww____;True;True;0;0;1;1;1;1
solar_pv_005;1;1;0;0;0;0;-0.001582;-2.5e-06;3.955696e-09;31.94683;2000-01-01T01:07:13;[3.624, 3.6195, 3.624, 3.624, 3.663, 3.6615, 3.648, 3.6495];3.663;4;3.6195;1;3.639188;29.1135;wwww____;True;True;0;0;1;1;1;1
solar_pv_005;1;1;0;0;0;0;-0.001582;-2.5e-06;3.955696e-09;32.25356;2000-01-01T01:07:19;[3.624, 3.6195, 3.6255, 3.624, 3.663, 3.6615, 3.648, 3.6495];3.663;4;3.6195;1;3.639375;29.115;wwww____;True;True;0;0;1;1;1;1
solar_pv_005;1;1;0;0;0;0;-0.001582;-2.5e-06;3.955696e-09;32.25356;2000-01-01T01:07:25;[3.624, 3.6195, 3.624, 3.624, 3.663, 3.6615, 3.648, 3.6495];3.663;4;3.6195;1;3.639188;29.1135;wwww____;True;True;0;0;1;1;1;1
solar_pv_005;1;1;0;0;0;0;-0.001582;-2.5e-06;3.955696e-09;32.15905;2000-01-01T01:07:32;[3.624, 3.6195, 3.624, 3.624, 3.663, 3.6615, 3.648, 3.6495];3.663;4;3.6195;1;3.639188;29.1135;wwww____;True;True;0;0;1;1;1;1
solar_pv_005;1;1;0;0;0;0;-0.001582;-2.5e-06;3.955696e-09;32.20629;2000-01-01T01:07:38;[3.624, 3.6195, 3.624, 3.624, 3.663, 3.6615, 3.648, 3.651];3.663;4;3.6195;1;3.639375;29.115;wwww____;True;True;0;0;1;1;1;1
solar_pv_005;1;1;0;0;0;0;-0.001582;-2.5e-06;3.955696e-09;32.27721;2000-01-01T01:07:44;[3.624, 3.6195, 3.6255, 3.6255, 3.663, 3.6615, 3.6495, 3.651];3.663;4;3.6195;1;3.639937;29.1195;wwww____;True;True;0;0;1;1;1;1
solar_pv_005;1;1;0;0;0;0;-0.001582;-2.5e-06;3.955696e-09;32.20629;2000-01-01T01:07:50;[3.624, 3.621, 3.6255, 3.6255, 3.663, 3.663, 3.6495, 3.651];3.663;4;3.621;1;3.640313;29.1225;wwww____;True;True;0;0;1;1;1;1
solar_pv_005;1;1;0;0;0;0;-0.001582;-2.5e-06;3.955696e-09;32.32452;2000-01-01T01:07:56;[3.624, 3.621, 3.6255, 3.6255, 3.663, 3.6615, 3.6495, 3.651];3.663;4;3.621;1;3.640125;29.121;wwww____;True;True;0;0;1;1;1;1
solar_pv_005;1;1;0;0;0;0;-0.001582;-2.5e-06;3.955696e-09;32.41921;2000-01-01T01:08:02;[3.6255, 3.621, 3.624, 3.6255, 3.663, 3.6615, 3.6495, 3.651];3.663;4;3.621;1;3.640125;29.121;wwww____;True;True;0;0;1;1;1;1
solar_pv_005;1;1;0;0;0;0;-0.001582;-2.5e-06;3.955696e-09;32.30087;2000-01-01T01:08:09;[3.6255, 3.621, 3.6255, 3.6255, 3.663, 3.663, 3.6495, 3.651];3.663;4;3.621;1;3.6405;29.124;wwww____;True;True;0;0;1;1;1;1
solar_pv_005;1;1;0;0;0;0;-0.001582;-2.5e-06;3.955696e-09;32.3482;2000-01-01T01:08:15;[3.6255, 3.621, 3.6255, 3.6255, 3.663, 3.663, 3.6495, 3.651];3.663;4;3.621;1;3.6405;29.124;wwww____;True;True;0;0;1;1;1;1
solar_pv_005;1;1;0;0;0;0;-0.001582;-2.5e-06;3.955696e-09;32.27721;2000-01-01T01:08:21;[3.6255, 3.621, 3.6255, 3.6255, 3.663, 3.663, 3.6495, 3.651];3.663;4;3.621;1;3.6405;29.124;wwww____;True;True;0;0;1;1;1;1
solar_pv_005;1;1;0;0;0;0;-0.001582;-2.5e-06;3.955696e-09;32.41921;2000-01-01T01:08:27;[3.6255, 3.621, 3.6255, 3.6255, 3.663, 3.663, 3.6495, 3.651];3.663;4;3.621;1;3.6405;29.124;wwww____;True;True;0;0;1;1;1;1
solar_pv_005;1;1;0;0;0;0;-0.001582;-2.5e-06;3.955696e-09;32.3482;2000-01-01T01:08:33;[3.6255, 3.621, 3.6255, 3.6255, 3.6645, 3.663, 3.6495, 3.6525];3.6645;4;3.621;1;3.640875;29.127;wwww____;True;True;0;0;1;1;1;1
solar_pv_005;1;1;0;0;0;0;-0.001582;-2.5e-06;3.955696e-09;32.44292;2000-01-01T01:08:39;[3.6255, 3.621, 3.6255, 3.6255, 3.6645, 3.663, 3.6495, 3.6525];3.6645;4;3.621;1;3.640875;29.127;wwww____;True;True;0;0;1;1;1;1
solar_pv_005;1;1;0;0;0;0;-0.001582;-2.5e-06;3.955696e-09;32.44292;2000-01-01T01:08:46;[3.6255, 3.6225, 3.627, 3.6255, 3.6645, 3.663, 3.6495, 3.651];3.6645;4;3.6225;1;3.641062;29.1285;wwww____;True;True;0;0;1;1;1;1
solar_pv_005;1;1;0;0;0;0;-0.001582;-2.5e-06;3.955696e-09;32.3482;2000-01-01T01:08:52;[3.6255, 3.6225, 3.6255, 3.627, 3.6645, 3.663, 3.651, 3.651];3.6645;4;3.6225;1;3.64125;29.13;wwww____;True;True;0;0;1;1;1;1
solar_pv_005;1;1;0;0;0;0;-0.001582;-2.5e-06;3.955696e-09;32.49035;2000-01-01T01:08:58;[3.6255, 3.6225, 3.6255, 3.6255, 3.6645, 3.663, 3.6495, 3.6525];3.6645;4;3.6225;1;3.641062;29.1285;wwww____;True;True;0;0;1;1;1;1
solar_pv_005;1;1;0;0;0;0;0;0;0;32.41921;2000-01-01T01:09:04;[3.6255, 3.6225, 3.6255, 3.627, 3.6645, 3.663, 3.6495, 3.6525];3.6645;4;3.6225;1;3.64125;29.13;wwww____;True;True;0;0;1;1;1;1
solar_pv_005;1;1;0;0;0;0;-0.001582;-2.5e-06;3.955696e-09;32.32452;2000-01-01T01:09:10;[3.6255, 3.6225, 3.627, 3.6255, 3.6645, 3.663, 3.6495, 3.6525];3.6645;4;3.6225;1;3.64125;29.13;wwww____;True;True;0;0;1;1;1;1
solar_pv_005;1;1;0;0;0;0;0;0;0;32.27721;2000-01-01T01:09:17;[3.6255, 3.6225, 3.627, 3.627, 3.6645, 3.663, 3.651, 3.6525];3.6645;4;3.6225;1;3.641625;29.133;wwww____;True;True;0;0;1;1;1;1
solar_pv_005;1;1;0;0;0;0;-0.001582;-2.5e-06;3.955696e-09;32.3482;2000-01-01T01:09:23;[3.627, 3.6225, 3.627, 3.627, 3.6645, 3.663, 3.651, 3.6525];3.6645;4;3.6225;1;3.641812;29.1345;wwww____;True;True;0;0;1;1;1;1
solar_pv_005;1;1;0;0;0;0;-0.001582;-2.5e-06;3.955696e-09;32.46661;2000-01-01T01:09:29;[3.627, 3.6225, 3.627, 3.627, 3.6645, 3.663, 3.651, 3.6525];3.6645;4;3.6225;1;3.641812;29.1345;wwww____;True;True;0;0;1;1;1;1
solar_pv_005;1;1;0;0;0;0;-0.001582;-2.5e-06;3.955696e-09;32.5378;2000-01-01T01:09:35;[3.627, 3.6225, 3.627, 3.627, 3.6645, 3.6645, 3.651, 3.6525];3.6645;4;3.6225;1;3.642;29.136;wwww____;True;True;0;0;1;1;1;1
solar_pv_005;1;1;0;0;0;0;-0.001582;-2.5e-06;3.955696e-09;32.63277;2000-01-01T01:09:41;[3.627, 3.6225, 3.627, 3.627, 3.6645, 3.6645, 3.651, 3.6525];3.6645;4;3.6225;1;3.642;29.136;wwww____;True;True;0;0;1;1;1;1
solar_pv_005;1;1;0;0;0;0;-0.001582;-2.5e-06;3.955696e-09;32.44292;2000-01-01T01:09:47;[3.627, 3.6225, 3.6285, 3.627, 3.666, 3.6645, 3.651, 3.6525];3.666;4;3.6225;1;3.642375;29.139;wwww____;True;True;0;0;1;1;1;1
solar_pv_005;1;1;0;0;0;0;-0.001582;-2.5e-06;3.955696e-09;32.65655;2000-01-01T01:09:54;[3.627, 3.624, 3.627, 3.627, 3.666, 3.6645, 3.651, 3.6525];3.666;4;3.624;1;3.642375;29.139;wwww____;True;True;0;0;1;1;1;1
solar_pv_005;1;1;0;0;0;0;-0.001582;-2.5e-06;3.955696e-09;32.5378;2000-01-01T01:10:00;[3.627, 3.624, 3.627, 3.627, 3.666, 3.6645, 3.651, 3.654];3.666;4;3.624;1;3.642562;29.1405;wwww____;True;True;0;0;1;1;1;1
solar_pv_005;1;1;0;0;0;0;-0.001582;-2.5e-06;3.955696e-09;32.44292;2000-01-01T01:10:06;[3.627, 3.624, 3.627, 3.627, 3.666, 3.6645, 3.651, 3.654];3.666;4;3.624;1;3.642562;29.1405;wwww____;True;True;0;0;1;1;1;1
solar_pv_005;1;1;0;0;0;0;-0.001582;-2.5e-06;3.955696e-09;32.5378;2000-01-01T01:10:12;[3.627, 3.624, 3.6285, 3.627, 3.666, 3.6645, 3.651, 3.6525];3.666;4;3.624;1;3.642562;29.1405;wwww____;True;True;0;0;1;1;1;1
solar_pv_005;1;1;0;0;0;0;-0.001582;-2.5e-06;3.955696e-09;32.5378;2000-01-01T01:10:18;[3.627, 3.624, 3.627, 3.627, 3.666, 3.6645, 3.6525, 3.654];3.666;4;3.624;1;3.64275;29.142;wwww____;True;True;0;0;1;1;1;1
solar_pv_005;1;1;0;0;0;0;-0.001582;-2.5e-06;3.955696e-09;32.51406;2000-01-01T01:10:24;[3.627, 3.624, 3.6285, 3.627, 3.666, 3.6645, 3.651, 3.654];3.666;4;3.624;1;3.64275;29.142;wwww____;True;True;0;0;1;1;1;1
solar_pv_005;1;1;0;0;0;0;-0.001582;-2.5e-06;3.955696e-09;32.60903;2000-01-01T01:10:31;[3.627, 3.624, 3.6285, 3.627, 3.666, 3.6645, 3.6525, 3.654];3.666;4;3.624;1;3.642937;29.1435;wwww____;True;True;0;0;1;1;1;1
solar_pv_005;1;1;0;0;0;0;-0.001582;-2.5e-06;3.955696e-09;32.5378;2000-01-01T01:10:37;[3.627, 3.624, 3.627, 3.6285, 3.666, 3.6645, 3.651, 3.654];3.666;4;3.624;1;3.64275;29.142;wwww____;True;True;0;0;1;1;1;1
solar_pv_005;1;1;0;0;0;0;-0.001582;-2.5e-06;3.955696e-09;32.60903;2000-01-01T01:10:43;[3.6285, 3.624, 3.627, 3.627, 3.666, 3.6645, 3.651, 3.654];3.666;4;3.624;1;3.64275;29.142;wwww____;True;True;0;0;1;1;1;1
solar_pv_005;1;1;0;0;0;0;-0.001582;-2.5e-06;3.955696e-09;32.63277;2000-01-01T01:10:49;[3.6285, 3.624, 3.6285, 3.627, 3.666, 3.6645, 3.6525, 3.654];3.666;4;3.624;1;3.643125;29.145;wwww____;True;True;0;0;1;1;1;1
solar_pv_005;1;1;0;0;0;0;-0.001582;-2.5e-06;3.955696e-09;32.70409;2000-01-01T01:10:55;[3.627, 3.624, 3.6285, 3.627, 3.666, 3.6645, 3.6525, 3.654];3.666;4;3.624;1;3.642937;29.1435;wwww____;True;True;0;0;1;1;1;1
solar_pv_005;1;1;0;0;0;0;-0.001582;-2.5e-06;3.955696e-09;32.65655;2000-01-01T01:11:01;[3.627, 3.624, 3.6285, 3.6285, 3.666, 3.666, 3.6525, 3.654];3.666;4;3.624;1;3.643312;29.1465;wwww____;True;True;0;0;1;1;1;1
solar_pv_005;1;1;0;0;0;0;-0.001582;-2.5e-06;3.955696e-09;32.65655;2000-01-01T01:11:08;[3.627, 3.624, 3.6285, 3.627, 3.666, 3.666, 3.6525, 3.654];3.666;4;3.624;1;3.643125;29.145;wwww____;True;True;0;0;1;1;1;1
solar_pv_005;1;1;0;0;0;0;-0.001582;-2.5e-06;3.955696e-09;32.63277;2000-01-01T01:11:14;[3.6285, 3.6255, 3.6285, 3.6285, 3.666, 3.666, 3.6525, 3.654];3.666;4;3.6255;1;3.643687;29.1495;wwww____;True;True;0;0;1;1;1;1
solar_pv_005;1;1;0;0;0;0;-0.001582;-2.5e-06;3.955696e-09;32.65655;2000-01-01T01:11:20;[3.6285, 3.6255, 3.6285, 3.6285, 3.6675, 3.666, 3.6525, 3.654];3.6675;4;3.6255;1;3.643875;29.151;wwww____;True;True;0;0;1;1;1;1
solar_pv_005;1;1;0;0;0;0;-0.001582;-2.5e-06;3.955696e-09;32.65655;2000-01-01T01:11:26;[3.6285, 3.6255, 3.6285, 3.6285, 3.6675, 3.666, 3.6525, 3.654];3.6675;4;3.6255;1;3.643875;29.151;wwww____;True;True;0;0;1;1;1;1
solar_pv_005;1;1;0;0;0;0;0;0;0;32.58526;2000-01-01T01:11:32;[3.6285, 3.6255, 3.6285, 3.6285, 3.6675, 3.666, 3.6525, 3.654];3.6675;4;3.6255;1;3.643875;29.151;wwww____;True;True;0;0;1;1;1;1
solar_pv_005;1;1;0;0;0;0;0;0;0;32.63277;2000-01-01T01:11:39;[3.6285, 3.6255, 3.6285, 3.6285, 3.6675, 3.666, 3.6525, 3.654];3.6675;4;3.6255;1;3.643875;29.151;wwww____;True;True;0;0;1;1;1;1
solar_pv_005;1;1;0;0;0;0;-0.001582;-2.5e-06;3.955696e-09;32.65655;2000-01-01T01:11:45;[3.6285, 3.6255, 3.6285, 3.6285, 3.6675, 3.666, 3.6525, 3.654];3.6675;4;3.6255;1;3.643875;29.151;wwww____;True;True;0;0;1;1;1;1
solar_pv_005;1;1;0;0;0;0;-0.001582;-2.5e-06;3.955696e-09;32.65655;2000-01-01T01:11:51;[3.6285, 3.6255, 3.6285, 3.6285, 3.6675, 3.666, 3.6525, 3.654];3.6675;4;3.6255;1;3.643875;29.151;wwww____;True;True;0;0;1;1;1;1
solar_pv_005;1;1;0;0;0;0;-0.001582;-2.5e-06;3.955696e-09;32.65655;2000-01-01T01:11:57;[3.6285, 3.6255, 3.6285, 3.6285, 3.6675, 3.666, 3.6525, 3.6555];3.6675;4;3.6255;1;3.644063;29.1525;wwww____;True;True;0;0;1;1;1;1
solar_pv_005;1;1;0;0;0;0;0;0;0;32.5378;2000-01-01T01:12:03;[3.6285, 3.6255, 3.6285, 3.6285, 3.6675, 3.666, 3.6525, 3.6555];3.6675;4;3.6255;1;3.644063;29.1525;wwww____;True;True;0;0;1;1;1;1
solar_pv_005;1;1;0;0;0;0;-0.001582;-2.5e-06;3.955696e-09;32.65655;2000-01-01T01:12:09;[3.6285, 3.6255, 3.6285, 3.6285, 3.6675, 3.666, 3.654, 3.6555];3.6675;4;3.6255;1;3.64425;29.154;wwww____;True;True;0;0;1;1;1;1
solar_pv_005;1;1;0;0;0;0;-0.001582;-2.5e-06;3.955696e-09;32.70409;2000-01-01T01:12:16;[3.6285, 3.627, 3.63, 3.6285, 3.6675, 3.666, 3.6525, 3.6555];3.6675;4;3.627;1;3.644438;29.1555;wwww____;True;True;0;0;1;1;1;1
solar_pv_005;1;1;0;0;0;0;-0.001582;-2.5e-06;3.955696e-09;32.65655;2000-01-01T01:12:22;[3.6285, 3.6255, 3.63, 3.63, 3.6675, 3.666, 3.654, 3.6555];3.6675;4;3.6255;1;3.644625;29.157;wwww____;True;True;0;0;1;1;1;1
solar_pv_005;1;1;0;0;0;0;-0.001582;-2.5e-06;3.955696e-09;32.65655;2000-01-01T01:12:28;[3.6285, 3.6255, 3.6285, 3.63, 3.6675, 3.6675, 3.654, 3.6555];3.6675;4;3.6255;1;3.644625;29.157;wwww____;True;True;0;0;1;1;1;1
solar_pv_005;1;1;0;0;0;0;-0.001582;-2.5e-06;3.955696e-09;32.68029;2000-01-01T01:12:34;[3.6285, 3.6255, 3.63, 3.6285, 3.6675, 3.6675, 3.654, 3.6555];3.6675;4;3.6255;1;3.644625;29.157;wwww____;True;True;0;0;1;1;1;1
solar_pv_005;1;1;0;0;0;0;-0.001582;-2.5e-06;3.955696e-09;32.65655;2000-01-01T01:12:40;[3.63, 3.627, 3.63, 3.6285, 3.6675, 3.6675, 3.654, 3.6555];3.6675;4;3.627;1;3.645;29.16;wwww____;True;True;0;0;1;1;1;1
solar_pv_005;1;1;0;0;0;0;-0.001582;-2.5e-06;3.955696e-09;32.58526;2000-01-01T01:12:46;[3.63, 3.627, 3.6285, 3.6285, 3.6675, 3.6675, 3.654, 3.6555];3.6675;4;3.627;1;3.644812;29.1585;wwww____;True;True;0;0;1;1;1;1
solar_pv_005;1;1;0;0;0;0;-0.001582;-2.5e-06;3.955696e-09;32.63277;2000-01-01T01:12:53;[3.6285, 3.627, 3.63, 3.63, 3.669, 3.6675, 3.654, 3.6555];3.669;4;3.627;1;3.645187;29.1615;wwww____;True;True;0;0;1;1;1;1
solar_pv_005;1;1;0;0;0;0;-0.001582;-2.5e-06;3.955696e-09;32.5378;2000-01-01T01:12:59;[3.6285, 3.627, 3.63, 3.63, 3.669, 3.6675, 3.654, 3.657];3.669;4;3.627;1;3.645375;29.163;wwww____;True;True;0;0;1;1;1;1
solar_pv_005;1;1;0;0;0;0;0;0;0;32.65655;2000-01-01T01:13:05;[3.63, 3.627, 3.63, 3.63, 3.669, 3.6675, 3.654, 3.657];3.669;4;3.627;1;3.645562;29.1645;wwww____;True;True;0;0;1;1;1;1
solar_pv_005;1;1;0;0;0;0;-0.001582;-2.5e-06;3.955696e-09;32.58526;2000-01-01T01:13:11;[3.63, 3.627, 3.63, 3.63, 3.669, 3.6675, 3.654, 3.6555];3.669;4;3.627;1;3.645375;29.163;wwww____;True;True;0;0;1;1;1;1
solar_pv_005;1;1;0;0;0;0;0;0;0;32.5378;2000-01-01T01:13:17;[3.63, 3.627, 3.63, 3.63, 3.669, 3.6675, 3.654, 3.6555];3.669;4;3.627;1;3.645375;29.163;wwww____;True;True;0;0;1;1;1;1
solar_pv_005;1;1;0;0;0;0;-0.001582;-2.5e-06;3.955696e-09;32.65655;2000-01-01T01:13:23;[3.63, 3.627, 3.63, 3.63, 3.669, 3.6675, 3.6555, 3.657];3.669;4;3.627;1;3.64575;29.166;wwww____;True;True;0;0;1;1;1;1
solar_pv_005;1;1;0;0;0;0;-0.001582;-2.5e-06;3.955696e-09;32.65655;2000-01-01T01:13:30;[3.63, 3.627, 3.63, 3.63, 3.669, 3.6675, 3.6555, 3.657];3.669;4;3.627;1;3.64575;29.166;wwww____;True;True;0;0;1;1;1;1
solar_pv_005;1;1;0;0;0;0;-0.001582;-2.5e-06;3.955696e-09;32.68029;2000-01-01T01:13:36;[3.63, 3.627, 3.63, 3.63, 3.669, 3.6675, 3.654, 3.657];3.669;4;3.627;1;3.645562;29.1645;wwww____;True;True;0;0;1;1;1;1
solar_pv_005;1;1;0;0;0;0;-0.001582;-2.5e-06;3.955696e-09;32.70409;2000-01-01T01:13:42;[3.63, 3.627, 3.63, 3.63, 3.669, 3.6675, 3.654, 3.657];3.669;4;3.627;1;3.645562;29.1645;wwww____;True;True;0;0;1;1;1;1
solar_pv_005;1;1;0;0;0;0;-0.001582;-2.5e-06;3.955696e-09;32.65655;2000-01-01T01:13:48;[3.63, 3.627, 3.63, 3.63, 3.669, 3.6675, 3.6555, 3.657];3.669;4;3.627;1;3.64575;29.166;wwww____;True;True;0;0;1;1;1;1
solar_pv_005;1;1;0;0;0;0;-0.001582;-2.5e-06;3.955696e-09;32.77547;2000-01-01T01:13:54;[3.63, 3.6285, 3.63, 3.63, 3.669, 3.6675, 3.6555, 3.657];3.669;4;3.6285;1;3.645937;29.1675;wwww____;True;True;0;0;1;1;1;1
solar_pv_005;1;1;0;0;0;0;-0.001582;-2.5e-06;3.955696e-09;32.63277;2000-01-01T01:14:01;[3.63, 3.627, 3.63, 3.63, 3.669, 3.6675, 3.6555, 3.657];3.669;4;3.627;1;3.64575;29.166;wwww____;True;True;0;0;1;1;1;1
solar_pv_005;1;1;0;0;0;0;-0.001582;-2.5e-06;3.955696e-09;32.65655;2000-01-01T01:14:07;[3.63, 3.627, 3.6315, 3.63, 3.669, 3.669, 3.6555, 3.657];3.669;4;3.627;1;3.646125;29.169;wwww____;True;True;0;0;1;1;1;1
solar_pv_005;1;1;0;0;0;0;-0.001582;-2.5e-06;3.955696e-09;32.65655;2000-01-01T01:14:13;[3.63, 3.627, 3.6315, 3.63, 3.6705, 3.669, 3.6555, 3.657];3.6705;4;3.627;1;3.646313;29.1705;wwww____;True;True;0;0;1;1;1;1
solar_pv_005;1;1;0;0;0;0;-0.001582;-2.5e-06;3.955696e-09;32.65655;2000-01-01T01:14:19;[3.63, 3.6285, 3.63, 3.6315, 3.6705, 3.669, 3.6555, 3.657];3.6705;4;3.6285;1;3.6465;29.172;wwww____;True;True;0;0;1;1;1;1
solar_pv_005;1;1;0;0;0;0;-0.001582;-2.5e-06;3.955696e-09;32.65655;2000-01-01T01:14:25;[3.6315, 3.6285, 3.63, 3.63, 3.6705, 3.669, 3.6555, 3.657];3.6705;4;3.6285;1;3.6465;29.172;wwww____;True;True;0;0;1;1;1;1
solar_pv_005;1;1;0;0;0;0;-0.001582;-2.5e-06;3.955696e-09;32.65655;2000-01-01T01:14:31;[3.6315, 3.6285, 3.63, 3.63, 3.6705, 3.669, 3.6555, 3.6585];3.6705;4;3.6285;1;3.646688;29.1735;wwww____;True;True;0;0;1;1;1;1
solar_pv_005;1;1;0;0;0;0;-0.001582;-2.5e-06;3.955696e-09;32.65655;2000-01-01T01:14:38;[3.6315, 3.6285, 3.6315, 3.63, 3.6705, 3.669, 3.6555, 3.657];3.6705;4;3.6285;1;3.646688;29.1735;wwww____;True;True;0;0;1;1;1;1
solar_pv_005;1;1;0;0;0;0;-0.001582;-2.5e-06;3.955696e-09;32.65655;2000-01-01T01:14:44;[3.6315, 3.6285, 3.6315, 3.6315, 3.6705, 3.669, 3.6555, 3.657];3.6705;4;3.6285;1;3.646875;29.175;wwww____;True;True;0;0;1;1;1;1
solar_pv_005;1;1;0;0;0;0;-0.001582;-2.5e-06;3.955696e-09;32.63277;2000-01-01T01:14:50;[3.63, 3.6285, 3.6315, 3.63, 3.6705, 3.669, 3.6555, 3.6585];3.6705;4;3.6285;1;3.646688;29.1735;wwww____;True;True;0;0;1;1;1;1
solar_pv_005;1;1;0;0;0;0;-0.001582;-2.5e-06;3.955696e-09;32.65655;2000-01-01T01:14:56;[3.6315, 3.6285, 3.6315, 3.6315, 3.6705, 3.669, 3.657, 3.6585];3.6705;4;3.6285;1;3.64725;29.178;wwww____;True;True;0;0;1;1;1;1
solar_pv_005;1;1;0;0;0;0;-0.001582;-2.5e-06;3.955696e-09;32.65655;2000-01-01T01:15:02;[3.63, 3.6285, 3.6315, 3.63, 3.6705, 3.669, 3.657, 3.6585];3.6705;4;3.6285;1;3.646875;29.175;wwww____;True;True;0;0;1;1;1;1
solar_pv_005;1;1;0;0;0;0;-0.001582;-2.5e-06;3.955696e-09;32.65655;2000-01-01T01:15:08;[3.6315, 3.6285, 3.6315, 3.6315, 3.6705, 3.669, 3.6555, 3.6585];3.6705;4;3.6285;1;3.647063;29.1765;wwww____;True;True;0;0;1;1;1;1
solar_pv_005;1;1;0;0;0;0;-0.001582;-2.5e-06;3.955696e-09;32.72787;2000-01-01T01:15:15;[3.6315, 3.6285, 3.6315, 3.6315, 3.672, 3.669, 3.6555, 3.657];3.672;4;3.6285;1;3.647063;29.1765;wwww____;True;True;0;0;1;1;1;1
solar_pv_005;1;1;0;0;0;0;-0.001582;-2.5e-06;3.955696e-09;32.65655;2000-01-01T01:15:21;[3.6315, 3.6285, 3.6315, 3.6315, 3.6705, 3.669, 3.657, 3.657];3.6705;4;3.6285;1;3.647063;29.1765;wwww____;True;True;0;0;1;1;1;1
solar_pv_005;1;1;0;0;0;0;-0.001582;-2.5e-06;3.955696e-09;32.68029;2000-01-01T01:15:27;[3.6315, 3.6285, 3.6315, 3.63, 3.672, 3.669, 3.657, 3.6585];3.672;4;3.6285;1;3.64725;29.178;wwww____;True;True;0;0;1;1;1;1
solar_pv_005;1;1;0;0;0;0;-0.001582;-2.5e-06;3.955696e-09;32.65655;2000-01-01T01:15:33;[3.6315, 3.63, 3.6315, 3.6315, 3.6705, 3.669, 3.657, 3.6585];3.6705;4;3.63;1;3.647438;29.1795;wwww____;True;True;0;0;1;1;1;1
solar_pv_005;1;1;0;0;0;0;-0.001582;-2.5e-06;3.955696e-09;32.65655;2000-01-01T01:15:39;[3.6315, 3.6285, 3.6315, 3.6315, 3.6705, 3.669, 3.657, 3.6585];3.6705;4;3.6285;1;3.64725;29.178;wwww____;True;True;0;0;1;1;1;1
solar_pv_005;1;1;0;0;0;0;-0.001582;-2.5e-06;3.955696e-09;32.65655;2000-01-01T01:15:46;[3.6315, 3.63, 3.6315, 3.6315, 3.6705, 3.6705, 3.657, 3.6585];3.6705;4;3.63;1;3.647625;29.181;wwww____;True;True;0;0;1;1;1;1
solar_pv_005;1;1;0;0;0;0;-0.001582;-2.5e-06;3.955696e-09;32.68029;2000-01-01T01:15:52;[3.6315, 3.6285, 3.6315, 3.6315, 3.672, 3.6705, 3.657, 3.6585];3.672;4;3.6285;1;3.647625;29.181;wwww____;True;True;0;0;1;1;1;1
solar_pv_005;1;1;0;0;0;0;-0.001582;-2.5e-06;3.955696e-09;32.68029;2000-01-01T01:15:58;[3.6315, 3.63, 3.6315, 3.6315, 3.672, 3.6705, 3.657, 3.6585];3.672;4;3.63;1;3.647813;29.1825;wwww____;True;True;0;0;1;1;1;1
solar_pv_005;1;1;0;0;0;0;-0.001582;-2.5e-06;3.955696e-09;32.72787;2000-01-01T01:16:04;[3.6315, 3.6285, 3.6315, 3.6315, 3.672, 3.6705, 3.657, 3.66];3.672;4;3.6285;1;3.647812;29.1825;wwww____;True;True;0;0;1;1;1;1
solar_pv_005;1;1;0;0;0;0;-0.001582;-2.5e-06;3.955696e-09;32.70409;2000-01-01T01:16:10;[3.6315, 3.6285, 3.633, 3.6315, 3.672, 3.6705, 3.657, 3.6585];3.672;4;3.6285;1;3.647812;29.1825;wwww____;True;True;0;0;1;1;1;1
solar_pv_005;1;1;0;0;0;0;-0.001582;-2.5e-06;3.955696e-09;32.82308;2000-01-01T01:16:16;[3.6315, 3.63, 3.633, 3.6315, 3.672, 3.6705, 3.657, 3.66];3.672;4;3.63;1;3.648188;29.1855;wwww____;True;True;0;0;1;1;1;1
solar_pv_005;1;1;0;0;0;0;-0.001582;-2.5e-06;3.955696e-09;32.82308;2000-01-01T01:16:23;[3.6315, 3.63, 3.6315, 3.6315, 3.672, 3.6705, 3.657, 3.66];3.672;4;3.63;1;3.648;29.184;wwww____;True;True;0;0;1;1;1;1
solar_pv_005;1;1;0;0;0;0;-0.001582;-2.5e-06;3.955696e-09;32.77547;2000-01-01T01:16:29;[3.6315, 3.63, 3.633, 3.633, 3.672, 3.6705, 3.657, 3.66];3.672;4;3.63;1;3.648375;29.187;wwww____;True;True;0;0;1;1;1;1
solar_pv_005;1;1;0;0;0;0;-0.001582;-2.5e-06;3.955696e-09;32.82308;2000-01-01T01:16:35;[3.6315, 3.63, 3.6315, 3.6315, 3.672, 3.6705, 3.6585, 3.66];3.672;4;3.63;1;3.648188;29.1855;wwww____;True;True;0;0;1;1;1;1
solar_pv_005;1;1;0;0;0;0;-0.001582;-2.5e-06;3.955696e-09;32.82308;2000-01-01T01:16:41;[3.6315, 3.63, 3.633, 3.6315, 3.672, 3.6705, 3.6585, 3.66];3.672;4;3.63;1;3.648375;29.187;wwww____;True;True;0;0;1;1;1;1
solar_pv_005;1;1;0;0;0;0;-0.001582;-2.5e-06;3.955696e-09;32.89462;2000-01-01T01:16:47;[3.633, 3.63, 3.633, 3.6315, 3.672, 3.6705, 3.657, 3.66];3.672;4;3.63;1;3.648375;29.187;wwww____;True;True;0;0;1;1;1;1
solar_pv_005;1;1;0;0;0;0;-0.001582;-2.5e-06;3.955696e-09;33.08559;2000-01-01T01:16:53;[3.6315, 3.63, 3.633, 3.6315, 3.672, 3.6705, 3.657, 3.66];3.672;4;3.63;1;3.648188;29.1855;wwww____;True;True;0;0;1;1;1;1
solar_pv_005;1;1;0;0;0;0;-0.001582;-2.5e-06;3.955696e-09;32.91845;2000-01-01T01:17:00;[3.6315, 3.63, 3.633, 3.633, 3.672, 3.6705, 3.6585, 3.66];3.672;4;3.63;1;3.648563;29.1885;wwww____;True;True;0;0;1;1;1;1
solar_pv_005;1;1;0;0;0;0;-0.001582;-2.5e-06;3.955696e-09;32.82308;2000-01-01T01:17:06;[3.6315, 3.63, 3.633, 3.6315, 3.6735, 3.6705, 3.6585, 3.66];3.6735;4;3.63;1;3.648563;29.1885;wwww____;True;True;0;0;1;1;1;1
solar_pv_005;1;1;0;0;0;0;-0.001582;-2.5e-06;3.955696e-09;32.82308;2000-01-01T01:17:12;[3.6315, 3.63, 3.633, 3.633, 3.672, 3.6705, 3.6585, 3.66];3.672;4;3.63;1;3.648563;29.1885;wwww____;True;True;0;0;1;1;1;1
solar_pv_005;1;1;0;0;0;0;-0.001582;-2.5e-06;3.955696e-09;32.89462;2000-01-01T01:17:18;[3.633, 3.63, 3.633, 3.633, 3.672, 3.6705, 3.6585, 3.66];3.672;4;3.63;1;3.64875;29.19;wwww____;True;True;0;0;1;1;1;1
solar_pv_005;1;1;0;0;0;0;-0.001582;-2.5e-06;3.955696e-09;32.82308;2000-01-01T01:17:24;[3.6315, 3.63, 3.633, 3.633, 3.672, 3.6705, 3.6585, 3.66];3.672;4;3.63;1;3.648563;29.1885;wwww____;True;True;0;0;1;1;1;1
solar_pv_005;1;1;0;0;0;0;-0.001582;-2.5e-06;3.955696e-09;32.82308;2000-01-01T01:17:30;[3.633, 3.63, 3.633, 3.633, 3.672, 3.672, 3.6585, 3.66];3.672;4;3.63;1;3.648938;29.1915;wwww____;True;True;0;0;1;1;1;1
solar_pv_005;1;1;0;0;0;0;-0.001582;-2.5e-06;3.955696e-09;32.79928;2000-01-01T01:17:37;[3.633, 3.63, 3.633, 3.633, 3.6735, 3.672, 3.6585, 3.66];3.6735;4;3.63;1;3.649125;29.193;wwww____;True;True;0;0;1;1;1;1
solar_pv_005;1;1;0;0;0;0;-0.001582;-2.5e-06;3.955696e-09;32.91845;2000-01-01T01:17:43;[3.633, 3.63, 3.633, 3.633, 3.6735, 3.672, 3.6585, 3.66];3.6735;4;3.63;1;3.649125;29.193;wwww____;True;True;0;0;1;1;1;1
solar_pv_005;1;1;0;0;0;0;-0.001582;-2.5e-06;3.955696e-09;32.79928;2000-01-01T01:17:49;[3.633, 3.6315, 3.633, 3.633, 3.6735, 3.672, 3.6585, 3.66];3.6735;4;3.6315;1;3.649312;29.1945;wwww____;True;True;0;0;1;1;1;1
solar_pv_005;1;1;0;0;0;0;-0.001582;-2.5e-06;3.955696e-09;32.91845;2000-01-01T01:17:55;[3.6315, 3.63, 3.633, 3.633, 3.6735, 3.672, 3.6585, 3.66];3.6735;4;3.63;1;3.648938;29.1915;wwww____;True;True;0;0;1;1;1;1
solar_pv_005;1;1;0;0;0;0;-0.001582;-2.5e-06;3.955696e-09;32.79928;2000-01-01T01:18:01;[3.633, 3.6315, 3.633, 3.633, 3.6735, 3.672, 3.6585, 3.66];3.6735;4;3.6315;1;3.649312;29.1945;wwww____;True;True;0;0;1;1;1;1
solar_pv_005;1;1;0;0;0;0;-0.001582;-2.5e-06;3.955696e-09;32.72787;2000-01-01T01:18:08;[3.633, 3.63, 3.633, 3.633, 3.6735, 3.672, 3.6585, 3.66];3.6735;4;3.63;1;3.649125;29.193;wwww____;True;True;0;0;1;1;1;1
solar_pv_005;1;1;0;0;0;0;-0.001582;-2.5e-06;3.955696e-09;32.77547;2000-01-01T01:18:14;[3.633, 3.63, 3.633, 3.633, 3.6735, 3.672, 3.6585, 3.66];3.6735;4;3.63;1;3.649125;29.193;wwww____;True;True;0;0;1;1;1;1
solar_pv_005;1;1;0;0;0;0;-0.001582;-2.5e-06;3.955696e-09;32.65655;2000-01-01T01:18:20;[3.633, 3.6315, 3.633, 3.633, 3.6735, 3.672, 3.6585, 3.6615];3.6735;4;3.6315;1;3.6495;29.196;wwww____;True;True;0;0;1;1;1;1
solar_pv_005;1;1;0;0;0;0;-0.001582;-2.5e-06;3.955696e-09;32.65655;2000-01-01T01:18:26;[3.633, 3.6315, 3.6345, 3.633, 3.6735, 3.672, 3.6585, 3.6615];3.6735;4;3.6315;1;3.649687;29.1975;wwww____;True;True;0;0;1;1;1;1
solar_pv_005;1;1;0;0;0;0;-0.001582;-2.5e-06;3.955696e-09;32.65655;2000-01-01T01:18:32;[3.633, 3.6315, 3.6345, 3.6345, 3.6735, 3.672, 3.6585, 3.6615];3.6735;4;3.6315;1;3.649875;29.199;wwww____;True;True;0;0;1;1;1;1
solar_pv_005;1;1;0;0;0;0;-0.001582;-2.5e-06;3.955696e-09;32.63277;2000-01-01T01:18:38;[3.633, 3.6315, 3.633, 3.633, 3.6735, 3.672, 3.6585, 3.6615];3.6735;4;3.6315;1;3.6495;29.196;wwww____;True;True;0;0;1;1;1;1
solar_pv_005;1;1;0;0;0;0;-0.001582;-2.5e-06;3.955696e-09;32.65655;2000-01-01T01:18:45;[3.6345, 3.6315, 3.6345, 3.6345, 3.6735, 3.672, 3.66, 3.6615];3.6735;4;3.6315;1;3.65025;29.202;wwww____;True;True;0;0;1;1;1;1
solar_pv_005;1;1;0;0;0;0;-0.001582;-2.5e-06;3.955696e-09;32.72787;2000-01-01T01:18:51;[3.6345, 3.6315, 3.633, 3.633, 3.6735, 3.6735, 3.66, 3.6615];3.6735;4;3.6315;1;3.650063;29.2005;wwww____;True;True;0;0;1;1;1;1
solar_pv_005;1;1;0;0;0;0;-0.001582;-2.5e-06;3.955696e-09;32.70409;2000-01-01T01:18:57;[3.6345, 3.6315, 3.6345, 3.633, 3.6735, 3.6735, 3.66, 3.6615];3.6735;4;3.6315;1;3.65025;29.202;wwww____;True;True;0;0;1;1;1;1
solar_pv_005;1;1;0;0;0;0;-0.001582;-2.5e-06;3.955696e-09;32.68029;2000-01-01T01:19:03;[3.633, 3.6315, 3.633, 3.633, 3.6735, 3.672, 3.66, 3.6615];3.6735;4;3.6315;1;3.649687;29.1975;wwww____;True;True;0;0;1;1;1;1
solar_pv_005;1;1;0;0;0;0;0;0;0;32.72787;2000-01-01T01:19:09;[3.633, 3.6315, 3.6345, 3.6345, 3.675, 3.672, 3.66, 3.6615];3.675;4;3.6315;1;3.65025;29.202;wwww____;True;True;0;0;1;1;1;1
solar_pv_005;1;1;0;0;0;0;-0.001582;-2.5e-06;3.955696e-09;32.68029;2000-01-01T01:19:15;[3.6345, 3.6315, 3.6345, 3.6345, 3.6735, 3.672, 3.66, 3.6615];3.6735;4;3.6315;1;3.65025;29.202;wwww____;True;True;0;0;1;1;1;1
solar_pv_005;1;1;0;0;0;0;-0.001582;-2.5e-06;3.955696e-09;32.65655;2000-01-01T01:19:22;[3.6345, 3.6315, 3.6345, 3.6345, 3.675, 3.6735, 3.66, 3.6615];3.675;4;3.6315;1;3.650625;29.205;wwww____;True;True;0;0;1;1;1;1
solar_pv_005;1;1;0;0;0;0;-0.001582;-2.5e-06;3.955696e-09;32.72787;2000-01-01T01:19:28;[3.6345, 3.6315, 3.6345, 3.6345, 3.675, 3.6735, 3.66, 3.6615];3.675;4;3.6315;1;3.650625;29.205;wwww____;True;True;0;0;1;1;1;1
solar_pv_005;1;1;0;0;0;0;0;0;0;32.75167;2000-01-01T01:19:34;[3.6345, 3.6315, 3.6345, 3.6345, 3.6735, 3.6735, 3.66, 3.6615];3.6735;4;3.6315;1;3.650437;29.2035;wwww____;True;True;0;0;1;1;1;1
solar_pv_005;1;1;0;0;0;0;-0.001582;-2.5e-06;3.955696e-09;32.72787;2000-01-01T01:19:40;[3.6345, 3.6315, 3.6345, 3.6345, 3.675, 3.6735, 3.66, 3.6615];3.675;4;3.6315;1;3.650625;29.205;wwww____;True;True;0;0;1;1;1;1
solar_pv_005;1;1;0;0;0;0;-0.001582;-2.5e-06;3.955696e-09;32.72787;2000-01-01T01:19:46;[3.6345, 3.6315, 3.6345, 3.6345, 3.675, 3.6735, 3.66, 3.6615];3.675;4;3.6315;1;3.650625;29.205;wwww____;True;True;0;0;1;1;1;1
solar_pv_005;1;1;0;0;0;0;-0.001582;-2.5e-06;3.955696e-09;32.68029;2000-01-01T01:19:52;[3.6345, 3.6315, 3.6345, 3.6345, 3.675, 3.6735, 3.66, 3.663];3.675;4;3.6315;1;3.650812;29.2065;wwww____;True;True;0;0;1;1;1;1
solar_pv_005;1;1;0;0;0;0;-0.001582;-2.5e-06;3.955696e-09;32.70409;2000-01-01T01:19:59;[3.6345, 3.6315, 3.6345, 3.6345, 3.675, 3.6735, 3.66, 3.663];3.675;4;3.6315;1;3.650812;29.2065;wwww____;True;True;0;0;1;1;1;1
solar_pv_005;1;1;0;0;0;0;-0.001582;-2.5e-06;3.955696e-09;32.89462;2000-01-01T01:20:05;[3.6345, 3.6315, 3.6345, 3.6345, 3.675, 3.6735, 3.66, 3.663];3.675;4;3.6315;1;3.650812;29.2065;wwww____;True;True;0;0;1;1;1;1
solar_pv_005;1;1;0;0;0;0;-0.001582;-2.5e-06;3.955696e-09;32.82308;2000-01-01T01:20:11;[3.6345, 3.633, 3.6345, 3.6345, 3.675, 3.6735, 3.6615, 3.663];3.675;4;3.633;1;3.651188;29.2095;wwww____;True;True;0;0;1;1;1;1
solar_pv_005;1;1;0;0;0;0;-0.001582;-2.5e-06;3.955696e-09;32.82308;2000-01-01T01:20:17;[3.6345, 3.6315, 3.6345, 3.6345, 3.675, 3.6735, 3.6615, 3.663];3.675;4;3.6315;1;3.651;29.208;wwww____;True;True;0;0;1;1;1;1
solar_pv_005;1;1;0;0;0;0;-0.001582;-2.5e-06;3.955696e-09;32.75167;2000-01-01T01:20:23;[3.6345, 3.633, 3.636, 3.6345, 3.675, 3.6735, 3.6615, 3.663];3.675;4;3.633;1;3.651375;29.211;wwww____;True;True;0;0;1;1;1;1
solar_pv_005;1;1;0;0;0;0;-0.001582;-2.5e-06;3.955696e-09;32.72787;2000-01-01T01:20:29;[3.6345, 3.633, 3.636, 3.636, 3.675, 3.6735, 3.6615, 3.663];3.675;4;3.633;1;3.651562;29.2125;wwww____;True;True;0;0;1;1;1;1
solar_pv_005;1;1;0;0;0;0;-0.001582;-2.5e-06;3.955696e-09;32.70409;2000-01-01T01:20:36;[3.6345, 3.633, 3.6345, 3.636, 3.675, 3.6735, 3.6615, 3.663];3.675;4;3.633;1;3.651375;29.211;wwww____;True;True;0;0;1;1;1;1
solar_pv_005;1;1;0;0;0;0;-0.001582;-2.5e-06;3.955696e-09;32.68029;2000-01-01T01:20:42;[3.6345, 3.633, 3.6345, 3.636, 3.675, 3.675, 3.6615, 3.663];3.675;4;3.633;1;3.651562;29.2125;wwww____;True;True;0;0;1;1;1;1
solar_pv_005;1;1;0;0;0;0;-0.001582;-2.5e-06;3.955696e-09;32.65655;2000-01-01T01:20:48;[3.636, 3.633, 3.636, 3.6345, 3.6765, 3.6735, 3.6615, 3.663];3.6765;4;3.633;1;3.65175;29.214;wwww____;True;True;0;0;1;1;1;1
solar_pv_005;1;1;0;0;0;0;-0.001582;-2.5e-06;3.955696e-09;32.68029;2000-01-01T01:20:54;[3.636, 3.633, 3.636, 3.636, 3.6765, 3.6735, 3.6615, 3.663];3.6765;4;3.633;1;3.651937;29.2155;wwww____;True;True;0;0;1;1;1;1
solar_pv_005;1;1;0;0;0;0;-0.001582;-2.5e-06;3.955696e-09;32.68029;2000-01-01T01:21:00;[3.6345, 3.633, 3.6345, 3.636, 3.675, 3.6735, 3.6615, 3.663];3.675;4;3.633;1;3.651375;29.211;wwww____;True;True;0;0;1;1;1;1
solar_pv_005;1;1;0;0;0;0;-0.001582;-2.5e-06;3.955696e-09;32.70409;2000-01-01T01:21:07;[3.6345, 3.633, 3.636, 3.636, 3.675, 3.6735, 3.6615, 3.663];3.675;4;3.633;1;3.651562;29.2125;wwww____;True;True;0;0;1;1;1;1
solar_pv_005;1;1;0;0;0;0;-0.001582;-2.5e-06;3.955696e-09;32.72787;2000-01-01T01:21:13;[3.6345, 3.6315, 3.636, 3.636, 3.6765, 3.675, 3.6615, 3.6645];3.6765;4;3.6315;1;3.651937;29.2155;wwww____;True;True;0;0;1;1;1;1
solar_pv_005;1;1;0;0;0;0;-0.001582;-2.5e-06;3.955696e-09;32.82308;2000-01-01T01:21:19;[3.636, 3.633, 3.636, 3.636, 3.6765, 3.675, 3.6615, 3.663];3.6765;4;3.633;1;3.652125;29.217;wwww____;True;True;0;0;1;1;1;1
solar_pv_005;1;1;0;0;0;0;-0.001582;-2.5e-06;3.955696e-09;32.91845;2000-01-01T01:21:25;[3.636, 3.633, 3.636, 3.636, 3.6765, 3.675, 3.6615, 3.663];3.6765;4;3.633;1;3.652125;29.217;wwww____;True;True;0;0;1;1;1;1
solar_pv_005;1;1;0;0;0;0;-0.001582;-2.5e-06;3.955696e-09;32.79928;2000-01-01T01:21:31;[3.636, 3.633, 3.636, 3.636, 3.6765, 3.675, 3.6615, 3.663];3.6765;4;3.633;1;3.652125;29.217;wwww____;True;True;0;0;1;1;1;1
solar_pv_005;1;1;0;0;0;0;-0.001582;-2.5e-06;3.955696e-09;32.91845;2000-01-01T01:21:37;[3.636, 3.633, 3.636, 3.636, 3.6765, 3.675, 3.6615, 3.6645];3.6765;4;3.633;1;3.652312;29.2185;wwww____;True;True;0;0;1;1;1;1
solar_pv_005;1;1;0;0;0;0;-0.001582;-2.5e-06;3.955696e-09;32.96618;2000-01-01T01:21:44;[3.636, 3.633, 3.636, 3.636, 3.6765, 3.675, 3.6615, 3.6645];3.6765;4;3.633;1;3.652312;29.2185;wwww____;True;True;0;0;1;1;1;1
solar_pv_005;1;1;0;0;0;0;-0.001582;-2.5e-06;3.955696e-09;32.82308;2000-01-01T01:21:50;[3.636, 3.633, 3.636, 3.636, 3.6765, 3.675, 3.6615, 3.6645];3.6765;4;3.633;1;3.652312;29.2185;wwww____;True;True;0;0;1;1;1;1
solar_pv_005;1;1;0;0;0;0;-0.001582;-2.5e-06;3.955696e-09;32.75167;2000-01-01T01:21:56;[3.636, 3.633, 3.636, 3.636, 3.6765, 3.675, 3.6615, 3.6645];3.6765;4;3.633;1;3.652312;29.2185;wwww____;True;True;0;0;1;1;1;1
solar_pv_005;1;1;0;0;0;0;-0.001582;-2.5e-06;3.955696e-09;32.96618;2000-01-01T01:22:02;[3.636, 3.633, 3.636, 3.636, 3.6765, 3.675, 3.6615, 3.6645];3.6765;4;3.633;1;3.652312;29.2185;wwww____;True;True;0;0;1;1;1;1
solar_pv_005;1;1;0;0;0;0;-0.001582;-2.5e-06;3.955696e-09;32.82308;2000-01-01T01:22:08;[3.636, 3.633, 3.636, 3.636, 3.6765, 3.675, 3.663, 3.6645];3.6765;4;3.633;1;3.6525;29.22;wwww____;True;True;0;0;1;1;1;1
solar_pv_005;1;1;0;0;0;0;-0.001582;-2.5e-06;3.955696e-09;32.87075;2000-01-01T01:22:14;[3.636, 3.6345, 3.636, 3.636, 3.6765, 3.675, 3.663, 3.6645];3.6765;4;3.6345;1;3.652687;29.2215;wwww____;True;True;0;0;1;1;1;1
solar_pv_005;1;1;0;0;0;0;-0.001582;-2.5e-06;3.955696e-09;32.82308;2000-01-01T01:22:21;[3.636, 3.633, 3.6375, 3.636, 3.6765, 3.675, 3.663, 3.6645];3.6765;4;3.633;1;3.652687;29.2215;wwww____;True;True;0;0;1;1;1;1
solar_pv_005;1;1;0;0;0;0;-0.001582;-2.5e-06;3.955696e-09;32.68029;2000-01-01T01:22:27;[3.636, 3.633, 3.6375, 3.6375, 3.6765, 3.675, 3.663, 3.6645];3.6765;4;3.633;1;3.652875;29.223;wwww____;True;True;0;0;1;1;1;1
solar_pv_005;1;1;0;0;0;0;-0.001582;-2.5e-06;3.955696e-09;32.70409;2000-01-01T01:22:33;[3.636, 3.633, 3.6375, 3.6375, 3.6765, 3.675, 3.663, 3.6645];3.6765;4;3.633;1;3.652875;29.223;wwww____;True;True;0;0;1;1;1;1
solar_pv_005;1;1;0;0;0;0;-0.001582;-2.5e-06;3.955696e-09;32.65655;2000-01-01T01:22:39;[3.6375, 3.6345, 3.636, 3.6375, 3.6765, 3.675, 3.663, 3.6645];3.6765;4;3.6345;1;3.653062;29.2245;wwww____;True;True;0;0;1;1;1;1
solar_pv_005;1;1;0;0;0;0;-0.001582;-2.5e-06;3.955696e-09;32.68029;2000-01-01T01:22:45;[3.6375, 3.6345, 3.636, 3.6375, 3.6765, 3.675, 3.663, 3.6645];3.6765;4;3.6345;1;3.653062;29.2245;wwww____;True;True;0;0;1;1;1;1
solar_pv_005;1;1;0;0;0;0;-0.001582;-2.5e-06;3.955696e-09;32.68029;2000-01-01T01:22:51;[3.6375, 3.6345, 3.6375, 3.636, 3.678, 3.675, 3.663, 3.666];3.678;4;3.6345;1;3.653437;29.2275;wwww____;True;True;0;0;1;1;1;1
solar_pv_005;1;1;0;0;0;0;-0.001582;-2.5e-06;3.955696e-09;32.79928;2000-01-01T01:22:58;[3.636, 3.6345, 3.6375, 3.636, 3.6765, 3.675, 3.663, 3.6645];3.6765;4;3.6345;1;3.652875;29.223;wwww____;True;True;0;0;1;1;1;1
solar_pv_005;1;1;0;0;0;0;-0.001582;-2.5e-06;3.955696e-09;32.77547;2000-01-01T01:23:04;[3.6375, 3.6345, 3.6375, 3.6375, 3.6765, 3.6765, 3.663, 3.6645];3.6765;4;3.6345;1;3.653437;29.2275;wwww____;True;True;0;0;1;1;1;1
solar_pv_005;1;1;0;0;0;0;-0.001582;-2.5e-06;3.955696e-09;32.89462;2000-01-01T01:23:10;[3.636, 3.633, 3.6375, 3.6375, 3.678, 3.6765, 3.663, 3.6645];3.678;4;3.633;1;3.65325;29.226;wwww____;True;True;0;0;1;1;1;1
solar_pv_005;1;1;0;0;0;0;-0.001582;-2.5e-06;3.955696e-09;32.89462;2000-01-01T01:23:16;[3.6375, 3.6345, 3.6375, 3.6375, 3.678, 3.6765, 3.663, 3.6645];3.678;4;3.6345;1;3.653625;29.229;wwww____;True;True;0;0;1;1;1;1
solar_pv_005;1;1;0;0;0;0;-0.001582;-2.5e-06;3.955696e-09;32.82308;2000-01-01T01:23:22;[3.6375, 3.6345, 3.6375, 3.6375, 3.678, 3.6765, 3.663, 3.6645];3.678;4;3.6345;1;3.653625;29.229;wwww____;True;True;0;0;1;1;1;1
solar_pv_005;1;1;0;0;0;0;-0.001582;-2.5e-06;3.955696e-09;32.82308;2000-01-01T01:23:29;[3.6375, 3.6345, 3.6375, 3.6375, 3.678, 3.6765, 3.6645, 3.6645];3.678;4;3.6345;1;3.653812;29.2305;wwww____;True;True;0;0;1;1;1;1
solar_pv_005;1;1;0;0;0;0;-0.001582;-2.5e-06;3.955696e-09;32.79928;2000-01-01T01:23:35;[3.6375, 3.6345, 3.6375, 3.6375, 3.678, 3.6765, 3.663, 3.666];3.678;4;3.6345;1;3.653813;29.2305;wwww____;True;True;0;0;1;1;1;1
solar_pv_005;1;1;0;0;0;0;-0.001582;-2.5e-06;3.955696e-09;32.68029;2000-01-01T01:23:41;[3.6375, 3.6345, 3.6375, 3.6375, 3.678, 3.6765, 3.663, 3.666];3.678;4;3.6345;1;3.653813;29.2305;wwww____;True;True;0;0;1;1;1;1
solar_pv_005;1;1;0;0;0;0;-0.001582;-2.5e-06;3.955696e-09;32.65655;2000-01-01T01:23:47;[3.6375, 3.6345, 3.639, 3.6375, 3.6795, 3.6765, 3.663, 3.666];3.6795;4;3.6345;1;3.654188;29.2335;wwww____;True;True;0;0;1;1;1;1
solar_pv_005;1;1;0;0;0;0;-0.001582;-2.5e-06;3.955696e-09;32.72787;2000-01-01T01:23:53;[3.6375, 3.6345, 3.6375, 3.6375, 3.678, 3.6765, 3.6645, 3.666];3.678;4;3.6345;1;3.654;29.232;wwww____;True;True;0;0;1;1;1;1
solar_pv_005;1;1;0;0;0;0;-0.001582;-2.5e-06;3.955696e-09;32.68029;2000-01-01T01:23:59;[3.6375, 3.6345, 3.6375, 3.6375, 3.678, 3.6765, 3.6645, 3.666];3.678;4;3.6345;1;3.654;29.232;wwww____;True;True;0;0;1;1;1;1
solar_pv_005;1;1;0;0;0;0;-0.001582;-2.5e-06;3.955696e-09;32.72787;2000-01-01T01:24:06;[3.6375, 3.636, 3.6375, 3.6375, 3.678, 3.6765, 3.6645, 3.666];3.678;4;3.636;1;3.654187;29.2335;wwww____;True;True;0;0;1;1;1;1
solar_pv_005;1;1;0;0;0;0;-0.001582;-2.5e-06;3.955696e-09;32.65655;2000-01-01T01:24:12;[3.6375, 3.6345, 3.639, 3.6375, 3.678, 3.6765, 3.6645, 3.666];3.678;4;3.6345;1;3.654187;29.2335;wwww____;True;True;0;0;1;1;1;1
solar_pv_005;1;1;0;0;0;0;0;0;0;32.72787;2000-01-01T01:24:18;[3.6375, 3.6345, 3.639, 3.6375, 3.6795, 3.678, 3.6645, 3.666];3.6795;4;3.6345;1;3.654562;29.2365;wwww____;True;True;0;0;1;1;1;1
solar_pv_005;1;1;0;0;0;0;-0.001582;-2.5e-06;3.955696e-09;32.72787;2000-01-01T01:24:24;[3.6375, 3.6345, 3.6375, 3.639, 3.678, 3.678, 3.6645, 3.666];3.678;4;3.6345;1;3.654375;29.235;wwww____;True;True;0;0;1;1;1;1
solar_pv_005;1;1;0;0;0;0;-0.001582;-2.5e-06;3.955696e-09;32.60903;2000-01-01T01:24:30;[3.6375, 3.636, 3.639, 3.639, 3.6795, 3.6765, 3.6645, 3.666];3.6795;4;3.636;1;3.65475;29.238;wwww____;True;True;0;0;1;1;1;1
solar_pv_005;1;1;0;0;0;0;-0.001582;-2.5e-06;3.955696e-09;32.63277;2000-01-01T01:24:36;[3.639, 3.636, 3.6375, 3.639, 3.6795, 3.678, 3.6645, 3.6675];3.6795;4;3.636;1;3.655125;29.241;wwww____;True;True;0;0;1;1;1;1
solar_pv_005;1;1;0;0;0;0;-0.001582;-2.5e-06;3.955696e-09;32.65655;2000-01-01T01:24:43;[3.639, 3.636, 3.639, 3.639, 3.6795, 3.6765, 3.6645, 3.666];3.6795;4;3.636;1;3.654938;29.2395;wwww____;True;True;0;0;1;1;1;1
solar_pv_005;1;1;0;0;0;0;-0.001582;-2.5e-06;3.955696e-09;32.82308;2000-01-01T01:24:49;[3.639, 3.636, 3.639, 3.639, 3.6795, 3.678, 3.6645, 3.666];3.6795;4;3.636;1;3.655125;29.241;wwww____;True;True;0;0;1;1;1;1
solar_pv_005;1;1;0;0;0;0;-0.001582;-2.5e-06;3.955696e-09;32.70409;2000-01-01T01:24:55;[3.639, 3.636, 3.639, 3.639, 3.678, 3.678, 3.6645, 3.6675];3.678;4;3.636;1;3.655125;29.241;wwww____;True;True;0;0;1;1;1;1
solar_pv_005;1;1;0;0;0;0;-0.001582;-2.5e-06;3.955696e-09;32.63277;2000-01-01T01:25:01;[3.639, 3.636, 3.639, 3.639, 3.678, 3.678, 3.6645, 3.666];3.678;4;3.636;1;3.654937;29.2395;wwww____;True;True;0;0;1;1;1;1
solar_pv_005;1;1;0;0;0;0;0;0;0;32.68029;2000-01-01T01:25:07;[3.639, 3.636, 3.639, 3.639, 3.6795, 3.678, 3.6645, 3.666];3.6795;4;3.636;1;3.655125;29.241;wwww____;True;True;0;0;1;1;1;1
solar_pv_005;1;1;0;0;0;0;-0.001582;-2.5e-06;3.955696e-09;32.68029;2000-01-01T01:25:13;[3.639, 3.636, 3.639, 3.639, 3.6795, 3.678, 3.6645, 3.666];3.6795;4;3.636;1;3.655125;29.241;wwww____;True;True;0;0;1;1;1;1
solar_pv_005;1;1;0;0;0;0;-0.001582;-2.5e-06;3.955696e-09;32.72787;2000-01-01T01:25:20;[3.639, 3.636, 3.639, 3.639, 3.6795, 3.678, 3.6645, 3.6675];3.6795;4;3.636;1;3.655312;29.2425;wwww____;True;True;0;0;1;1;1;1
solar_pv_005;1;1;0;0;0;0;-0.001582;-2.5e-06;3.955696e-09;32.77547;2000-01-01T01:25:26;[3.639, 3.636, 3.639, 3.639, 3.6795, 3.678, 3.6645, 3.666];3.6795;4;3.636;1;3.655125;29.241;wwww____;True;True;0;0;1;1;1;1
solar_pv_005;1;1;0;0;0;0;-0.001582;-2.5e-06;3.955696e-09;32.68029;2000-01-01T01:25:32;[3.639, 3.636, 3.639, 3.639, 3.6795, 3.678, 3.6645, 3.6675];3.6795;4;3.636;1;3.655312;29.2425;wwww____;True;True;0;0;1;1;1;1
solar_pv_005;1;1;0;0;0;0;-0.001582;-2.5e-06;3.955696e-09;32.68029;2000-01-01T01:25:38;[3.639, 3.636, 3.639, 3.639, 3.6795, 3.678, 3.666, 3.6675];3.6795;4;3.636;1;3.6555;29.244;wwww____;True;True;0;0;1;1;1;1
solar_pv_005;1;1;0;0;0;0;-0.001582;-2.5e-06;3.955696e-09;32.70409;2000-01-01T01:25:44;[3.639, 3.636, 3.639, 3.639, 3.6795, 3.678, 3.666, 3.6675];3.6795;4;3.636;1;3.6555;29.244;wwww____;True;True;0;0;1;1;1;1
solar_pv_005;1;1;0;0;0;0;-0.001582;-2.5e-06;3.955696e-09;32.65655;2000-01-01T01:25:51;[3.639, 3.636, 3.639, 3.639, 3.6795, 3.678, 3.666, 3.666];3.6795;4;3.636;1;3.655313;29.2425;wwww____;True;True;0;0;1;1;1;1
solar_pv_005;1;1;0;0;0;0;-0.001582;-2.5e-06;3.955696e-09;32.65655;2000-01-01T01:25:57;[3.639, 3.636, 3.639, 3.639, 3.6795, 3.678, 3.666, 3.6675];3.6795;4;3.636;1;3.6555;29.244;wwww____;True;True;0;0;1;1;1;1
solar_pv_005;1;1;0;0;0;0;-0.001582;-2.5e-06;3.955696e-09;32.65655;2000-01-01T01:26:03;[3.639, 3.6375, 3.639, 3.639, 3.6795, 3.678, 3.666, 3.6675];3.6795;4;3.6375;1;3.655687;29.2455;wwww____;True;True;0;0;1;1;1;1
solar_pv_005;1;1;0;0;0;0;-0.001582;-2.5e-06;3.955696e-09;32.65655;2000-01-01T01:26:09;[3.639, 3.6375, 3.639, 3.639, 3.6795, 3.6795, 3.666, 3.6675];3.6795;4;3.6375;1;3.655875;29.247;wwww____;True;True;0;0;1;1;1;1
solar_pv_005;1;1;0;0;0;0;-0.001582;-2.5e-06;3.955696e-09;32.65655;2000-01-01T01:26:15;[3.639, 3.6375, 3.6405, 3.6405, 3.6795, 3.6795, 3.666, 3.6675];3.6795;4;3.6375;1;3.65625;29.25;wwww____;True;True;0;0;1;1;1;1
solar_pv_005;1;1;0;0;0;0;-0.001582;-2.5e-06;3.955696e-09;32.68029;2000-01-01T01:26:21;[3.639, 3.636, 3.6405, 3.6405, 3.6795, 3.6795, 3.666, 3.669];3.6795;4;3.636;1;3.65625;29.25;wwww____;True;True;0;0;1;1;1;1
solar_pv_005;1;1;0;0;0;0;-0.001582;-2.5e-06;3.955696e-09;32.68029;2000-01-01T01:26:28;[3.639, 3.6375, 3.6405, 3.6405, 3.6795, 3.6795, 3.666, 3.6675];3.6795;4;3.6375;1;3.65625;29.25;wwww____;True;True;0;0;1;1;1;1
solar_pv_005;1;1;0;0;0;0;-0.001582;-2.5e-06;3.955696e-09;32.70409;2000-01-01T01:26:34;[3.6405, 3.6375, 3.639, 3.6405, 3.681, 3.6795, 3.666, 3.6675];3.681;4;3.6375;1;3.656438;29.2515;wwww____;True;True;0;0;1;1;1;1
solar_pv_005;1;1;0;0;0;0;-0.001582;-2.5e-06;3.955696e-09;32.65655;2000-01-01T01:26:40;[3.6405, 3.6375, 3.639, 3.6405, 3.681, 3.6795, 3.666, 3.6675];3.681;4;3.6375;1;3.656438;29.2515;wwww____;True;True;0;0;1;1;1;1
solar_pv_005;1;1;0;0;0;0;-0.001582;-2.5e-06;3.955696e-09;32.70409;2000-01-01T01:26:46;[3.6405, 3.636, 3.6405, 3.6405, 3.6795, 3.6795, 3.666, 3.6675];3.6795;4;3.636;1;3.65625;29.25;wwww____;True;True;0;0;1;1;1;1
solar_pv_005;1;1;0;0;0;0;-0.001582;-2.5e-06;3.955696e-09;32.65655;2000-01-01T01:26:52;[3.6405, 3.6375, 3.6405, 3.6405, 3.6795, 3.6795, 3.666, 3.6675];3.6795;4;3.6375;1;3.656438;29.2515;wwww____;True;True;0;0;1;1;1;1
solar_pv_005;1;1;0;0;0;0;-0.001582;-2.5e-06;3.955696e-09;32.82308;2000-01-01T01:26:58;[3.6405, 3.6375, 3.6405, 3.6405, 3.6795, 3.6795, 3.666, 3.6675];3.6795;4;3.6375;1;3.656438;29.2515;wwww____;True;True;0;0;1;1;1;1
solar_pv_005;1;1;0;0;0;0;-0.001582;-2.5e-06;3.955696e-09;32.70409;2000-01-01T01:27:05;[3.6405, 3.6375, 3.6405, 3.6405, 3.681, 3.6795, 3.6675, 3.6675];3.681;4;3.6375;1;3.656812;29.2545;wwww____;True;True;0;0;1;1;1;1
solar_pv_005;1;1;0;0;0;0;-0.001582;-2.5e-06;3.955696e-09;32.77547;2000-01-01T01:27:11;[3.6405, 3.6375, 3.6405, 3.6405, 3.681, 3.6795, 3.666, 3.6675];3.681;4;3.6375;1;3.656625;29.253;wwww____;True;True;0;0;1;1;1;1
solar_pv_005;1;1;0;0;0;0;-0.001582;-2.5e-06;3.955696e-09;32.75167;2000-01-01T01:27:17;[3.6405, 3.6375, 3.6405, 3.6405, 3.681, 3.6795, 3.666, 3.669];3.681;4;3.6375;1;3.656813;29.2545;wwww____;True;True;0;0;1;1;1;1
solar_pv_005;1;1;0;0;0;0;-0.001582;-2.5e-06;3.955696e-09;32.77547;2000-01-01T01:27:23;[3.6405, 3.6375, 3.6405, 3.6405, 3.681, 3.6795, 3.666, 3.669];3.681;4;3.6375;1;3.656813;29.2545;wwww____;True;True;0;0;1;1;1;1
solar_pv_005;1;1;0;0;0;0;-0.001582;-2.5e-06;3.955696e-09;32.75167;2000-01-01T01:27:29;[3.6405, 3.6375, 3.6405, 3.6405, 3.681, 3.6795, 3.6675, 3.6675];3.681;4;3.6375;1;3.656812;29.2545;wwww____;True;True;0;0;1;1;1;1
solar_pv_005;1;1;0;0;0;0;-0.001582;-2.5e-06;3.955696e-09;32.72787;2000-01-01T01:27:36;[3.6405, 3.6375, 3.6405, 3.642, 3.681, 3.6795, 3.6675, 3.669];3.681;4;3.6375;1;3.657188;29.2575;wwww____;True;True;0;0;1;1;1;1
solar_pv_005;1;1;0;0;0;0;-0.001582;-2.5e-06;3.955696e-09;32.89462;2000-01-01T01:27:42;[3.6405, 3.6375, 3.6405, 3.6405, 3.681, 3.6795, 3.6675, 3.669];3.681;4;3.6375;1;3.657;29.256;wwww____;True;True;0;0;1;1;1;1
solar_pv_005;1;1;0;0;0;0;-0.001582;-2.5e-06;3.955696e-09;32.70409;2000-01-01T01:27:48;[3.6405, 3.6375, 3.6405, 3.6405, 3.681, 3.6795, 3.6675, 3.669];3.681;4;3.6375;1;3.657;29.256;wwww____;True;True;0;0;1;1;1;1
solar_pv_005;1;1;0;0;0;0;-0.001582;-2.5e-06;3.955696e-09;32.63277;2000-01-01T01:27:54;[3.6405, 3.6375, 3.6405, 3.6405, 3.681, 3.6795, 3.6675, 3.669];3.681;4;3.6375;1;3.657;29.256;wwww____;True;True;0;0;1;1;1;1
solar_pv_005;1;1;0;0;0;0;-0.001582;-2.5e-06;3.955696e-09;32.60903;2000-01-01T01:28:00;[3.6405, 3.639, 3.642, 3.6405, 3.681, 3.681, 3.6675, 3.669];3.681;4;3.639;1;3.657562;29.2605;wwww____;True;True;0;0;1;1;1;1
solar_pv_005;1;1;0;0;0;0;-0.001582;-2.5e-06;3.955696e-09;32.5378;2000-01-01T01:28:06;[3.6405, 3.6375, 3.6405, 3.6405, 3.681, 3.681, 3.6675, 3.669];3.681;4;3.6375;1;3.657187;29.2575;wwww____;True;True;0;0;1;1;1;1
solar_pv_005;1;1;0;0;0;0;-0.001582;-2.5e-06;3.955696e-09;32.49035;2000-01-01T01:28:13;[3.6405, 3.639, 3.642, 3.642, 3.681, 3.681, 3.6675, 3.669];3.681;4;3.639;1;3.65775;29.262;wwww____;True;True;0;0;1;1;1;1
solar_pv_005;1;1;0;0;0;0;-0.001582;-2.5e-06;3.955696e-09;32.58526;2000-01-01T01:28:19;[3.6405, 3.639, 3.642, 3.642, 3.6825, 3.681, 3.6675, 3.669];3.6825;4;3.639;1;3.657938;29.2635;wwww____;True;True;0;0;1;1;1;1
solar_pv_005;1;1;0;0;0;0;-0.001582;-2.5e-06;3.955696e-09;32.65655;2000-01-01T01:28:25;[3.6405, 3.639, 3.642, 3.642, 3.6825, 3.681, 3.6675, 3.669];3.6825;4;3.639;1;3.657938;29.2635;wwww____;True;True;0;0;1;1;1;1
solar_pv_005;1;1;0;0;0;0;0;0;0;32.51406;2000-01-01T01:28:31;[3.6405, 3.639, 3.642, 3.642, 3.6825, 3.681, 3.6675, 3.669];3.6825;4;3.639;1;3.657938;29.2635;wwww____;True;True;0;0;1;1;1;1
solar_pv_005;1;1;0;0;0;0;-0.001582;-2.5e-06;3.955696e-09;32.51406;2000-01-01T01:28:37;[3.642, 3.639, 3.642, 3.642, 3.681, 3.681, 3.6675, 3.669];3.681;4;3.639;1;3.657938;29.2635;wwww____;True;True;0;0;1;1;1;1
solar_pv_005;1;1;0;0;0;0;-0.001582;-2.5e-06;3.955696e-09;32.41921;2000-01-01T01:28:43;[3.642, 3.639, 3.642, 3.642, 3.681, 3.681, 3.6675, 3.6705];3.681;4;3.639;1;3.658125;29.265;wwww____;True;True;0;0;1;1;1;1
solar_pv_005;1;1;0;0;0;0;-0.001582;-2.5e-06;3.955696e-09;32.5378;2000-01-01T01:28:50;[3.642, 3.639, 3.642, 3.642, 3.6825, 3.681, 3.6675, 3.669];3.6825;4;3.639;1;3.658125;29.265;wwww____;True;True;0;0;1;1;1;1
solar_pv_005;1;1;0;0;0;0;-0.001582;-2.5e-06;3.955696e-09;32.51406;2000-01-01T01:28:56;[3.6405, 3.639, 3.642, 3.642, 3.6825, 3.681, 3.6675, 3.669];3.6825;4;3.639;1;3.657938;29.2635;wwww____;True;True;0;0;1;1;1;1
solar_pv_005;1;1;0;0;0;0;-0.001582;-2.5e-06;3.955696e-09;32.44292;2000-01-01T01:29:02;[3.642, 3.639, 3.642, 3.642, 3.6825, 3.681, 3.669, 3.6705];3.6825;4;3.639;1;3.6585;29.268;wwww____;True;True;0;0;1;1;1;1
solar_pv_005;1;1;0;0;0;0;-0.001582;-2.5e-06;3.955696e-09;32.3482;2000-01-01T01:29:08;[3.642, 3.639, 3.642, 3.642, 3.6825, 3.681, 3.6675, 3.6705];3.6825;4;3.639;1;3.658313;29.2665;wwww____;True;True;0;0;1;1;1;1
solar_pv_005;1;1;0;0;0;0;0;0;0;32.27721;2000-01-01T01:29:14;[3.642, 3.639, 3.642, 3.642, 3.6825, 3.681, 3.6675, 3.6705];3.6825;4;3.639;1;3.658313;29.2665;wwww____;True;True;0;0;1;1;1;1
solar_pv_005;1;1;0;0;0;0;-0.001582;-2.5e-06;3.955696e-09;32.3482;2000-01-01T01:29:20;[3.642, 3.639, 3.642, 3.642, 3.6825, 3.681, 3.6675, 3.6705];3.6825;4;3.639;1;3.658313;29.2665;wwww____;True;True;0;0;1;1;1;1
solar_pv_005;1;1;0;0;0;0;-0.001582;-2.5e-06;3.955696e-09;32.37185;2000-01-01T01:29:27;[3.642, 3.639, 3.642, 3.642, 3.6825, 3.681, 3.6675, 3.6705];3.6825;4;3.639;1;3.658313;29.2665;wwww____;True;True;0;0;1;1;1;1
solar_pv_005;1;1;0;0;0;0;-0.001582;-2.5e-06;3.955696e-09;32.32452;2000-01-01T01:29:33;[3.642, 3.639, 3.642, 3.642, 3.6825, 3.681, 3.669, 3.6705];3.6825;4;3.639;1;3.6585;29.268;wwww____;True;True;0;0;1;1;1;1
solar_pv_005;1;1;0;0;0;0;-0.001582;-2.5e-06;3.955696e-09;32.39556;2000-01-01T01:29:39;[3.642, 3.639, 3.642, 3.642, 3.6825, 3.681, 3.669, 3.6705];3.6825;4;3.639;1;3.6585;29.268;wwww____;True;True;0;0;1;1;1;1
solar_pv_005;1;1;0;0;0;0;-0.001582;-2.5e-06;3.955696e-09;32.41921;2000-01-01T01:29:45;[3.642, 3.639, 3.642, 3.642, 3.6825, 3.6825, 3.669, 3.6705];3.6825;4;3.639;1;3.658688;29.2695;wwww____;True;True;0;0;1;1;1;1
solar_pv_005;1;1;0;0;0;0;-0.001582;-2.5e-06;3.955696e-09;32.27721;2000-01-01T01:29:51;[3.6435, 3.6405, 3.642, 3.642, 3.6825, 3.681, 3.669, 3.6705];3.6825;4;3.6405;1;3.658875;29.271;wwww____;True;True;0;0;1;1;1;1
solar_pv_005;1;1;0;0;0;0;-0.001582;-2.5e-06;3.955696e-09;32.3482;2000-01-01T01:29:57;[3.642, 3.6405, 3.6435, 3.642, 3.6825, 3.681, 3.669, 3.6705];3.6825;4;3.6405;1;3.658875;29.271;wwww____;True;True;0;0;1;1;1;1
solar_pv_005;1;1;0;0;0;0;-0.001582;-2.5e-06;3.955696e-09;32.3482;2000-01-01T01:30:04;[3.642, 3.639, 3.6435, 3.6435, 3.6825, 3.681, 3.669, 3.6705];3.6825;4;3.639;1;3.658875;29.271;wwww____;True;True;0;0;1;1;1;1
solar_pv_005;1;1;0;0;0;0;-0.001582;-2.5e-06;3.955696e-09;32.3482;2000-01-01T01:30:10;[3.642, 3.6405, 3.6435, 3.6435, 3.6825, 3.6825, 3.669, 3.6705];3.6825;4;3.6405;1;3.65925;29.274;wwww____;True;True;0;0;1;1;1;1
solar_pv_005;1;1;0;0;0;0;-0.001582;-2.5e-06;3.955696e-09;32.37185;2000-01-01T01:30:16;[3.6435, 3.639, 3.642, 3.6435, 3.684, 3.6825, 3.669, 3.6705];3.684;4;3.639;1;3.65925;29.274;wwww____;True;True;0;0;1;1;1;1
solar_pv_005;1;1;0;0;0;0;-0.001582;-2.5e-06;3.955696e-09;32.44292;2000-01-01T01:30:22;[3.6435, 3.6405, 3.6435, 3.6435, 3.684, 3.6825, 3.669, 3.6705];3.684;4;3.6405;1;3.659625;29.277;wwww____;True;True;0;0;1;1;1;1
solar_pv_005;1;1;0;0;0;0;-0.001582;-2.5e-06;3.955696e-09;32.44292;2000-01-01T01:30:28;[3.6435, 3.6405, 3.6435, 3.6435, 3.684, 3.6825, 3.669, 3.672];3.684;4;3.6405;1;3.659812;29.2785;wwww____;True;True;0;0;1;1;1;1
solar_pv_005;1;1;0;0;0;0;-0.001582;-2.5e-06;3.955696e-09;32.32452;2000-01-01T01:30:35;[3.6435, 3.6405, 3.6435, 3.6435, 3.6825, 3.6825, 3.669, 3.672];3.6825;4;3.6405;1;3.659625;29.277;wwww____;True;True;0;0;1;1;1;1
solar_pv_005;1;1;0;0;0;0;-0.001582;-2.5e-06;3.955696e-09;32.25356;2000-01-01T01:30:41;[3.6435, 3.6405, 3.6435, 3.6435, 3.684, 3.6825, 3.669, 3.6705];3.684;4;3.6405;1;3.659625;29.277;wwww____;True;True;0;0;1;1;1;1
solar_pv_005;1;1;0;0;0;0;-0.001582;-2.5e-06;3.955696e-09;32.27721;2000-01-01T01:30:47;[3.6435, 3.6405, 3.6435, 3.6435, 3.6825, 3.6825, 3.6705, 3.6705];3.6825;4;3.6405;1;3.659625;29.277;wwww____;True;True;0;0;1;1;1;1
solar_pv_005;1;1;0;0;0;0;-0.001582;-2.5e-06;3.955696e-09;32.25356;2000-01-01T01:30:53;[3.6435, 3.6405, 3.6435, 3.6435, 3.684, 3.6825, 3.6705, 3.6705];3.684;4;3.6405;1;3.659812;29.2785;wwww____;True;True;0;0;1;1;1;1
solar_pv_005;1;1;0;0;0;0;-0.001582;-2.5e-06;3.955696e-09;32.18267;2000-01-01T01:30:59;[3.6435, 3.6405, 3.6435, 3.6435, 3.684, 3.6825, 3.669, 3.6705];3.684;4;3.6405;1;3.659625;29.277;wwww____;True;True;0;0;1;1;1;1
solar_pv_005;1;1;0;0;0;0;-0.001582;-2.5e-06;3.955696e-09;32.25356;2000-01-01T01:31:05;[3.6435, 3.6405, 3.6435, 3.6435, 3.684, 3.6825, 3.669, 3.672];3.684;4;3.6405;1;3.659812;29.2785;wwww____;True;True;0;0;1;1;1;1
solar_pv_005;1;1;0;0;0;0;-0.001582;-2.5e-06;3.955696e-09;32.15905;2000-01-01T01:31:12;[3.6435, 3.6405, 3.6435, 3.6435, 3.684, 3.6825, 3.669, 3.672];3.684;4;3.6405;1;3.659812;29.2785;wwww____;True;True;0;0;1;1;1;1
solar_pv_005;1;1;0;0;0;0;-0.001582;-2.5e-06;3.955696e-09;32.32452;2000-01-01T01:31:18;[3.6435, 3.6405, 3.6435, 3.645, 3.684, 3.6825, 3.6705, 3.672];3.684;4;3.6405;1;3.660187;29.2815;wwww____;True;True;0;0;1;1;1;1
solar_pv_005;1;1;0;0;0;0;-0.001582;-2.5e-06;3.955696e-09;32.22994;2000-01-01T01:31:24;[3.6435, 3.6405, 3.6435, 3.6435, 3.684, 3.684, 3.6705, 3.672];3.684;4;3.6405;1;3.660188;29.2815;wwww____;True;True;0;0;1;1;1;1
solar_pv_005;1;1;0;0;0;0;-0.001582;-2.5e-06;3.955696e-09;31.97039;2000-01-01T01:31:30;[3.6435, 3.6405, 3.6435, 3.6435, 3.684, 3.684, 3.6705, 3.672];3.684;4;3.6405;1;3.660188;29.2815;wwww____;True;True;0;0;1;1;1;1
solar_pv_005;1;1;0;0;0;0;-0.001582;-2.5e-06;3.955696e-09;32.01751;2000-01-01T01:31:36;[3.6435, 3.6405, 3.645, 3.6435, 3.684, 3.684, 3.6705, 3.672];3.684;4;3.6405;1;3.660375;29.283;wwww____;True;True;0;0;1;1;1;1
solar_pv_005;1;1;0;0;0;0;-0.001582;-2.5e-06;3.955696e-09;32.18267;2000-01-01T01:31:42;[3.6435, 3.6405, 3.6435, 3.6435, 3.684, 3.6825, 3.6705, 3.6705];3.684;4;3.6405;1;3.659812;29.2785;wwww____;True;True;0;0;1;1;1;1
solar_pv_005;1;1;0;0;0;0;-0.001582;-2.5e-06;3.955696e-09;32.15905;2000-01-01T01:31:49;[3.6435, 3.642, 3.6435, 3.6435, 3.684, 3.684, 3.6705, 3.672];3.684;4;3.642;1;3.660375;29.283;wwww____;True;True;0;0;1;1;1;1
solar_pv_005;1;1;0;0;0;0;-0.001582;-2.5e-06;3.955696e-09;32.0411;2000-01-01T01:31:55;[3.645, 3.642, 3.6435, 3.6435, 3.684, 3.684, 3.6705, 3.672];3.684;4;3.642;1;3.660563;29.2845;wwww____;True;True;0;0;1;1;1;1
solar_pv_005;1;1;0;0;0;0;-0.001582;-2.5e-06;3.955696e-09;32.20629;2000-01-01T01:32:01;[3.6435, 3.642, 3.645, 3.645, 3.684, 3.684, 3.6705, 3.672];3.684;4;3.642;1;3.66075;29.286;wwww____;True;True;0;0;1;1;1;1
solar_pv_005;1;1;0;0;0;0;-0.001582;-2.5e-06;3.955696e-09;32.15905;2000-01-01T01:32:07;[3.645, 3.642, 3.6435, 3.645, 3.684, 3.684, 3.6705, 3.672];3.684;4;3.642;1;3.66075;29.286;wwww____;True;True;0;0;1;1;1;1
solar_pv_005;1;1;0;0;0;0;-0.001582;-2.5e-06;3.955696e-09;32.22994;2000-01-01T01:32:13;[3.6435, 3.642, 3.645, 3.645, 3.684, 3.684, 3.6705, 3.672];3.684;4;3.642;1;3.66075;29.286;wwww____;True;True;0;0;1;1;1;1
solar_pv_005;1;1;0;0;0;0;0;0;0;32.25356;2000-01-01T01:32:19;[3.6435, 3.6405, 3.645, 3.645, 3.6855, 3.684, 3.6705, 3.672];3.6855;4;3.6405;1;3.66075;29.286;wwww____;True;True;0;0;1;1;1;1
solar_pv_005;1;1;0;0;0;0;-0.001582;-2.5e-06;3.955696e-09;32.20629;2000-01-01T01:32:26;[3.645, 3.642, 3.645, 3.645, 3.684, 3.684, 3.6705, 3.672];3.684;4;3.642;1;3.660937;29.2875;wwww____;True;True;0;0;1;1;1;1
solar_pv_005;1;1;0;0;0;0;-0.001582;-2.5e-06;3.955696e-09;32.27721;2000-01-01T01:32:32;[3.645, 3.642, 3.645, 3.645, 3.6855, 3.6855, 3.6705, 3.6735];3.6855;4;3.642;1;3.6615;29.292;wwww____;True;True;0;0;1;1;1;1
solar_pv_005;1;1;0;0;0;0;-0.001582;-2.5e-06;3.955696e-09;32.27721;2000-01-01T01:32:38;[3.645, 3.642, 3.645, 3.645, 3.684, 3.684, 3.6705, 3.672];3.684;4;3.642;1;3.660937;29.2875;wwww____;True;True;0;0;1;1;1;1
solar_pv_005;1;1;0;0;0;0;-0.001582;-2.5e-06;3.955696e-09;32.20629;2000-01-01T01:32:44;[3.645, 3.642, 3.645, 3.645, 3.6855, 3.684, 3.6705, 3.672];3.6855;4;3.642;1;3.661125;29.289;wwww____;True;True;0;0;1;1;1;1
solar_pv_005;1;1;0;0;0;0;-0.001582;-2.5e-06;3.955696e-09;32.27721;2000-01-01T01:32:50;[3.645, 3.642, 3.645, 3.645, 3.684, 3.684, 3.672, 3.672];3.684;4;3.642;1;3.661125;29.289;wwww____;True;True;0;0;1;1;1;1
solar_pv_005;1;1;0;0;0;0;-0.001582;-2.5e-06;3.955696e-09;32.25356;2000-01-01T01:32:57;[3.645, 3.642, 3.645, 3.645, 3.6855, 3.684, 3.6705, 3.6735];3.6855;4;3.642;1;3.661312;29.2905;wwww____;True;True;0;0;1;1;1;1
solar_pv_005;1;1;0;0;0;0;0;0;0;32.30087;2000-01-01T01:33:03;[3.645, 3.642, 3.645, 3.645, 3.6855, 3.684, 3.6705, 3.6735];3.6855;4;3.642;1;3.661312;29.2905;wwww____;True;True;0;0;1;1;1;1
solar_pv_005;1;1;0;0;0;0;-0.001582;-2.5e-06;3.955696e-09;32.32452;2000-01-01T01:33:09;[3.645, 3.642, 3.645, 3.645, 3.6855, 3.6855, 3.6705, 3.6735];3.6855;4;3.642;1;3.6615;29.292;wwww____;True;True;0;0;1;1;1;1
solar_pv_005;1;1;0;0;0;0;-0.001582;-2.5e-06;3.955696e-09;32.30087;2000-01-01T01:33:15;[3.645, 3.6435, 3.645, 3.645, 3.6855, 3.6855, 3.6705, 3.6735];3.6855;4;3.6435;1;3.661687;29.2935;wwww____;True;True;0;0;1;1;1;1
solar_pv_005;1;1;0;0;0;0;-0.001582;-2.5e-06;3.955696e-09;32.25356;2000-01-01T01:33:21;[3.645, 3.6435, 3.645, 3.645, 3.6855, 3.6855, 3.672, 3.6735];3.6855;4;3.6435;1;3.661875;29.295;wwww____;True;True;0;0;1;1;1;1
solar_pv_005;1;1;0;0;0;0;-0.001582;-2.5e-06;3.955696e-09;32.39556;2000-01-01T01:33:27;[3.645, 3.642, 3.645, 3.645, 3.6855, 3.6855, 3.672, 3.6735];3.6855;4;3.642;1;3.661687;29.2935;wwww____;True;True;0;0;1;1;1;1
solar_pv_005;1;1;0;0;0;0;-0.001582;-2.5e-06;3.955696e-09;32.41921;2000-01-01T01:33:34;[3.645, 3.642, 3.645, 3.6465, 3.6855, 3.6855, 3.672, 3.6735];3.6855;4;3.642;1;3.661875;29.295;wwww____;True;True;0;0;1;1;1;1
solar_pv_005;1;1;0;0;0;0;-0.001582;-2.5e-06;3.955696e-09;32.3482;2000-01-01T01:33:40;[3.645, 3.642, 3.645, 3.645, 3.6855, 3.684, 3.672, 3.6735];3.6855;4;3.642;1;3.6615;29.292;wwww____;True;True;0;0;1;1;1;1
solar_pv_005;1;1;0;0;0;0;-0.001582;-2.5e-06;3.955696e-09;32.30087;2000-01-01T01:33:46;[3.645, 3.6435, 3.645, 3.645, 3.6855, 3.684, 3.672, 3.6735];3.6855;4;3.6435;1;3.661687;29.2935;wwww____;True;True;0;0;1;1;1;1
solar_pv_005;1;1;0;0;0;0;-0.001582;-2.5e-06;3.955696e-09;32.39556;2000-01-01T01:33:52;[3.645, 3.6435, 3.645, 3.6465, 3.6855, 3.6855, 3.672, 3.6735];3.6855;4;3.6435;1;3.662062;29.2965;wwww____;True;True;0;0;1;1;1;1
solar_pv_005;1;1;0;0;0;0;0.170886;0.00027;4.6e-05;33.4211;2000-01-01T02:21:45;[3.6675, 3.666, 3.669, 3.669, 3.7065, 3.7005, 3.705, 3.7095];3.7095;7;3.666;1;3.686625;29.493;____dddd;True;True;0;0;1;1;1;1
solar_pv_005;1;1;0;0;0;0;0.757911;0.001198;0.000908;33.34908;2000-01-01T02:21:51;[3.669, 3.666, 3.669, 3.669, 3.7155, 3.72, 3.7005, 3.693];3.72;5;3.666;1;3.68775;29.502;wwww___d;True;True;0;0;1;1;1;1
solar_pv_005;1;1;0;0;0;0;0.767405;0.001213;0.00093;33.46917;2000-01-01T02:21:57;[3.669, 3.666, 3.669, 3.669, 3.7155, 3.7185, 3.7005, 3.6945];3.7185;5;3.666;1;3.68775;29.502;wwwwdd__;True;True;0;0;1;1;1;1
solar_pv_005;1;1;0;0;0;0;0.723101;0.001142;0.000826;33.68581;2000-01-01T02:22:03;[3.669, 3.666, 3.666, 3.669, 3.7065, 3.702, 3.744, 3.7065];3.744;6;3.666;1;3.691125;29.529;wwwwdd__;True;True;0;0;1;1;1;1
solar_pv_005;1;1;0;0;0;0;0.697785;0.001103;0.000769;33.4211;2000-01-01T02:22:09;[3.669, 3.666, 3.669, 3.669, 3.699, 3.6975, 3.744, 3.708];3.744;6;3.666;1;3.690187;29.5215;wwww__d_;True;True;0;0;1;1;1;1
solar_pv_005;1;1;0;0;0;0;0.685127;0.001082;0.000742;33.54131;2000-01-01T02:22:15;[3.669, 3.6675, 3.669, 3.669, 3.717, 3.7215, 3.69, 3.717];3.7215;5;3.6675;1;3.69;29.52;wwww__d_;True;True;0;0;1;1;1;1
solar_pv_005;1;1;0;0;0;0;0.69462;0.001097;0.000762;33.44512;2000-01-01T02:22:22;[3.669, 3.666, 3.669, 3.669, 3.6975, 3.699, 3.7455, 3.696];3.7455;6;3.666;1;3.688875;29.511;wwwwddwd;True;True;0;0;1;1;1;1
solar_pv_005;1;1;0;0;0;0;0.685127;0.001082;0.000742;33.51723;2000-01-01T02:22:28;[3.6705, 3.6675, 3.6705, 3.669, 3.705, 3.7005, 3.7455, 3.693];3.7455;6;3.6675;1;3.690188;29.5215;wwww__d_;True;True;0;0;1;1;1;1
solar_pv_005;1;1;0;0;0;0;0.693038;0.001095;0.000759;33.54131;2000-01-01T02:22:34;[3.6705, 3.6675, 3.6705, 3.6705, 3.717, 3.7215, 3.6915, 3.7155];3.7215;5;3.6675;1;3.690562;29.5245;wwww__d_;True;True;0;0;1;1;1;1
solar_pv_005;1;1;0;0;0;0;0.800633;0.001265;0.001013;33.4211;2000-01-01T02:22:40;[3.669, 3.666, 3.669, 3.6675, 3.708, 3.7245, 3.693, 3.72];3.7245;5;3.666;1;3.689625;29.517;wwwwdd_d;True;True;0;0;1;1;1;1
solar_pv_005;1;1;0;0;0;0;0.931962;0.001473;0.001372;33.54131;2000-01-01T02:22:46;[3.6705, 3.6675, 3.669, 3.669, 3.6945, 3.6975, 3.747, 3.696];3.747;6;3.6675;1;3.688875;29.511;wwwwdd_d;True;True;0;0;1;1;1;1
solar_pv_005;1;1;0;0;0;0;0.697785;0.001103;0.000769;33.56536;2000-01-01T02:22:53;[3.6705, 3.6675, 3.6705, 3.669, 3.717, 3.723, 3.6915, 3.717];3.723;5;3.6675;1;3.69075;29.526;wwww__d_;True;True;0;0;1;1;1;1
solar_pv_005;1;1;0;0;0;0;0.799051;0.001262;0.001009;33.58944;2000-01-01T02:22:59;[3.6705, 3.666, 3.6705, 3.6705, 3.717, 3.7215, 3.6885, 3.7185];3.7215;5;3.666;1;3.690375;29.523;wwwwddwd;True;True;0;0;1;1;1;1
solar_pv_005;1;1;0;0;0;0;0.727848;0.00115;0.000837;33.4211;2000-01-01T02:23:05;[3.6705, 3.6675, 3.6705, 3.669, 3.699, 3.699, 3.747, 3.696];3.747;6;3.6675;1;3.689812;29.5185;wwwwddwd;True;True;0;0;1;1;1;1
solar_pv_005;1;1;0;0;0;0;0.734177;0.00116;0.000852;33.4211;2000-01-01T02:23:11;[3.669, 3.666, 3.6675, 3.6675, 3.7095, 3.7035, 3.747, 3.6975];3.747;6;3.666;1;3.690938;29.5275;wwww__d_;True;True;0;0;1;1;1;1
solar_pv_005;1;1;0;0;0;0;0.72943;0.001153;0.000841;33.4211;2000-01-01T02:23:17;[3.6705, 3.6675, 3.6705, 3.6705, 3.7185, 3.7215, 3.69, 3.72];3.7215;5;3.6675;1;3.691125;29.529;wwww__d_;True;True;0;0;1;1;1;1
solar_pv_005;1;1;0;0;0;0;0.724684;0.001145;0.00083;33.54131;2000-01-01T02:23:23;[3.6705, 3.6645, 3.6675, 3.6705, 3.708, 3.702, 3.747, 3.6975];3.747;6;3.6645;1;3.690938;29.5275;wwwwdd_d;True;True;0;0;1;1;1;1
solar_pv_005;1;1;0;0;0;0;0.705696;0.001115;0.000787;33.56536;2000-01-01T02:23:30;[3.6705, 3.6675, 3.669, 3.6705, 3.708, 3.702, 3.747, 3.6975];3.747;6;3.6675;1;3.6915;29.532;wwww__d_;True;True;0;0;1;1;1;1
solar_pv_005;1;1;0;0;0;0;0.712025;0.001125;0.000801;33.44512;2000-01-01T02:23:36;[3.669, 3.6645, 3.6705, 3.6705, 3.72, 3.7245, 3.693, 3.7215];3.7245;5;3.6645;1;3.691688;29.5335;wwww__d_;True;True;0;0;1;1;1;1
solar_pv_005;1;1;0;0;0;0;0.702532;0.00111;0.00078;33.54131;2000-01-01T02:23:42;[3.6705, 3.6675, 3.6705, 3.6705, 3.7155, 3.72, 3.6915, 3.7215];3.7215;7;3.6675;1;3.690938;29.5275;wwww_d_d;True;True;0;0;1;1;1;1
solar_pv_005;1;1;0;0;0;0;0.712025;0.001125;0.000801;33.44512;2000-01-01T02:23:48;[3.6675, 3.669, 3.6705, 3.672, 3.72, 3.711, 3.7185, 3.6975];3.72;4;3.6675;0;3.69075;29.526;wwww_d_d;True;True;0;0;1;1;1;1
solar_pv_005;1;1;0;0;0;0;0.704114;0.001112;0.000783;33.58944;2000-01-01T02:23:54;[3.6705, 3.6675, 3.6705, 3.6705, 3.7005, 3.7005, 3.708, 3.7515];3.7515;7;3.6675;1;3.692437;29.5395;wwwwddd_;True;True;0;0;1;1;1;1
solar_pv_005;1;1;0;0;0;0;0.716772;0.001133;0.000812;33.4211;2000-01-01T02:24:00;[3.6705, 3.6645, 3.672, 3.6705, 3.7095, 3.7035, 3.708, 3.7515];3.7515;7;3.6645;1;3.69375;29.55;wwww___d;True;True;0;0;1;1;1;1
solar_pv_005;1;1;0;0;0;0;0.693038;0.001095;0.000759;33.4211;2000-01-01T02:24:07;[3.6705, 3.669, 3.6705, 3.6675, 3.714, 3.726, 3.7065, 3.6975];3.726;5;3.6675;3;3.690188;29.5215;wwww___d;True;True;0;0;1;1;1;1
solar_pv_005;1;1;0;0;0;0;0.693038;0.001095;0.000759;33.6376;2000-01-01T02:24:13;[3.6705, 3.6645, 3.669, 3.672, 3.7215, 3.7245, 3.7065, 3.6975];3.7245;5;3.6645;1;3.69075;29.526;wwwwdd__;True;True;0;0;1;1;1;1
solar_pv_005;1;1;0;0;0;0;0.71519;0.00113;0.000808;33.54131;2000-01-01T02:24:19;[3.6705, 3.6675, 3.6705, 3.672, 3.7095, 3.7035, 3.7485, 3.7095];3.7485;6;3.6675;1;3.693938;29.5515;wwwwdd__;True;True;0;0;1;1;1;1
solar_pv_005;1;1;0;0;0;0;0.72943;0.001153;0.000841;33.56536;2000-01-01T02:24:25;[3.6705, 3.669, 3.6705, 3.6705, 3.717, 3.7215, 3.693, 3.7215];3.7215;5;3.669;1;3.691688;29.5335;wwww__d_;True;True;0;0;1;1;1;1
solar_pv_005;1;1;0;0;0;0;0.721519;0.00114;0.000823;33.56536;2000-01-01T02:24:31;[3.6705, 3.669, 3.6705, 3.6705, 3.7125, 3.7215, 3.6945, 3.723];3.723;7;3.669;1;3.6915;29.532;wwwwdd_d;True;True;0;0;1;1;1;1
solar_pv_005;1;1;0;0;0;0;0.71519;0.00113;0.000808;33.44512;2000-01-01T02:24:38;[3.672, 3.669, 3.6705, 3.672, 3.7065, 3.7005, 3.7455, 3.6975];3.7455;6;3.669;1;3.691688;29.5335;wwwwdd_d;True;True;0;0;1;1;1;1
solar_pv_005;1;1;0;0;0;0;0.702532;0.00111;0.00078;33.66171;2000-01-01T02:24:44;[3.6705, 3.6675, 3.6705, 3.669, 3.6975, 3.7035, 3.7485, 3.6975];3.7485;6;3.6675;1;3.690563;29.5245;wwww__d_;True;True;0;0;1;1;1;1
solar_pv_005;1;1;0;0;0;0;0.705696;0.001115;0.000787;33.49319;2000-01-01T02:24:50;[3.672, 3.669, 3.6705, 3.6705, 3.72, 3.723, 3.6915, 3.7215];3.723;5;3.669;1;3.69225;29.538;wwww__d_;True;True;0;0;1;1;1;1
solar_pv_005;1;1;0;0;0;0;0.712025;0.001125;0.000801;33.68581;2000-01-01T02:24:56;[3.669, 3.666, 3.672, 3.672, 3.7095, 3.7035, 3.747, 3.6975];3.747;6;3.666;1;3.692063;29.5365;wwwwddwd;True;True;0;0;1;1;1;1
solar_pv_005;1;1;0;0;0;0;0.710443;0.001123;0.000797;33.73406;2000-01-01T02:25:02;[3.6675, 3.6675, 3.672, 3.672, 3.708, 3.7035, 3.7485, 3.696];3.7485;6;3.6675;0;3.691875;29.535;wwww__d_;True;True;0;0;1;1;1;1
solar_pv_005;1;1;0;0;0;0;0.719937;0.001138;0.000819;33.6376;2000-01-01T02:25:08;[3.672, 3.669, 3.672, 3.6705, 3.72, 3.723, 3.6915, 3.723];3.723;5;3.669;1;3.692625;29.541;wwww__d_;True;True;0;0;1;1;1;1
solar_pv_005;1;1;0;0;0;0;0.710443;0.001123;0.000797;33.78234;2000-01-01T02:25:15;[3.672, 3.669, 3.672, 3.672, 3.7185, 3.7245, 3.693, 3.72];3.7245;5;3.669;1;3.692625;29.541;wwww_d_d;True;True;0;0;1;1;1;1
solar_pv_005;1;1;0;0;0;0;0.702532;0.00111;0.00078;33.68581;2000-01-01T02:25:21;[3.6705, 3.6675, 3.669, 3.672, 3.723, 3.714, 3.72, 3.6975];3.723;4;3.6675;1;3.691688;29.5335;wwww_d_d;True;True;0;0;1;1;1;1
solar_pv_005;1;1;0;0;0;0;0.723101;0.001142;0.000826;33.80645;2000-01-01T02:25:27;[3.672, 3.669, 3.672, 3.672, 3.708, 3.705, 3.7065, 3.75];3.75;7;3.669;1;3.694313;29.5545;wwwwddd_;True;True;0;0;1;1;1;1
solar_pv_005;1;1;0;0;0;0;0.781646;0.001235;0.000965;33.78234;2000-01-01T02:25:33;[3.672, 3.669, 3.672, 3.6705, 3.7035, 3.7005, 3.7065, 3.753];3.753;7;3.669;1;3.693375;29.547;wwww___d;True;True;0;0;1;1;1;1
solar_pv_005;1;1;0;0;0;0;0.837025;0.001322;0.001107;33.80645;2000-01-01T02:25:39;[3.672, 3.669, 3.6705, 3.669, 3.7245, 3.726, 3.708, 3.6975];3.726;5;3.669;1;3.692062;29.5365;wwww___d;True;True;0;0;1;1;1;1
solar_pv_005;1;1;0;0;0;0;0.718354;0.001135;0.000815;33.85479;2000-01-01T02:25:45;[3.6705, 3.669, 3.672, 3.672, 3.7215, 3.726, 3.708, 3.699];3.726;5;3.669;1;3.69225;29.538;wwwwdd__;True;True;0;0;1;1;1;1
solar_pv_005;1;1;0;0;0;0;0.697785;0.001103;0.000769;33.85479;2000-01-01T02:25:52;[3.672, 3.669, 3.6705, 3.672, 3.7095, 3.705, 3.7485, 3.711];3.7485;6;3.669;1;3.694688;29.5575;wwwwdd__;True;True;0;0;1;1;1;1
solar_pv_005;1;1;0;0;0;0;0.837025;0.001322;0.001107;33.83062;2000-01-01T02:25:58;[3.672, 3.669, 3.6675, 3.672, 3.7215, 3.726, 3.696, 3.723];3.726;5;3.6675;2;3.693375;29.547;wwww__d_;True;True;0;0;1;1;1;1
solar_pv_005;1;1;0;0;0;0;0.89557;0.001415;0.001267;33.87896;2000-01-01T02:26:04;[3.672, 3.6705, 3.672, 3.672, 3.72, 3.726, 3.693, 3.72];3.726;5;3.6705;1;3.693187;29.5455;wwwwdd_d;True;True;0;0;1;1;1;1
solar_pv_005;1;1;0;0;0;0;0.794304;0.001255;0.000997;33.85479;2000-01-01T02:26:10;[3.672, 3.669, 3.672, 3.669, 3.7125, 3.705, 3.7485, 3.699];3.7485;6;3.669;1;3.693375;29.547;wwwwdd_d;True;True;0;0;1;1;1;1
solar_pv_005;1;1;0;0;0;0;0.905063;0.00143;0.001294;33.83062;2000-01-01T02:26:16;[3.6705, 3.6645, 3.669, 3.672, 3.711, 3.705, 3.7485, 3.699];3.7485;6;3.6645;1;3.692437;29.5395;wwww__d_;True;True;0;0;1;1;1;1
solar_pv_005;1;1;0;0;0;0;0.938291;0.001482;0.001391;33.92733;2000-01-01T02:26:22;[3.669, 3.669, 3.672, 3.6735, 3.7215, 3.726, 3.696, 3.7215];3.726;5;3.669;0;3.693563;29.5485;wwww__d_;True;True;0;0;1;1;1;1
solar_pv_005;1;1;0;0;0;0;0.737342;0.001165;0.000859;33.85479;2000-01-01T02:26:29;[3.669, 3.669, 3.672, 3.672, 3.708, 3.705, 3.7485, 3.6975];3.7485;6;3.669;0;3.692625;29.541;wwwwdd_d;True;True;0;0;1;1;1;1
solar_pv_005;1;1;0;0;0;0;0.707279;0.001118;0.00079;33.92733;2000-01-01T02:26:35;[3.672, 3.669, 3.669, 3.672, 3.711, 3.705, 3.7485, 3.699];3.7485;6;3.669;1;3.693187;29.5455;wwww__d_;True;True;0;0;1;1;1;1
solar_pv_005;1;1;0;0;0;0;0.69462;0.001097;0.000762;34.04839;2000-01-01T02:26:41;[3.672, 3.669, 3.672, 3.672, 3.7215, 3.726, 3.693, 3.7215];3.726;5;3.669;1;3.693375;29.547;wwww__d_;True;True;0;0;1;1;1;1
solar_pv_005;1;1;0;0;0;0;0.723101;0.001142;0.000826;33.90316;2000-01-01T02:26:47;[3.672, 3.666, 3.6705, 3.6735, 3.723, 3.726, 3.696, 3.723];3.726;5;3.666;1;3.69375;29.55;wwwwdd_d;True;True;0;0;1;1;1;1
solar_pv_005;1;1;0;0;0;0;0.731013;0.001155;0.000844;33.95153;2000-01-01T02:26:53;[3.672, 3.669, 3.672, 3.672, 3.7065, 3.702, 3.747, 3.699];3.747;6;3.669;1;3.692437;29.5395;wwwwdd_d;True;True;0;0;1;1;1;1
solar_pv_005;1;1;0;0;0;0;0.699367;0.001105;0.000773;33.92733;2000-01-01T02:27:00;[3.672, 3.6675, 3.669, 3.6735, 3.723, 3.7275, 3.696, 3.723];3.7275;5;3.6675;1;3.693937;29.5515;wwww__d_;True;True;0;0;1;1;1;1
solar_pv_005;1;1;0;0;0;0;0.713608;0.001127;0.000805;33.92733;2000-01-01T02:27:06;[3.6735, 3.669, 3.672, 3.672, 3.7185, 3.723, 3.693, 3.7245];3.7245;7;3.669;1;3.693187;29.5455;wwwwddwd;True;True;0;0;1;1;1;1
solar_pv_005;1;1;0;0;0;0;0.700949;0.001108;0.000776;33.97573;2000-01-01T02:27:12;[3.6735, 3.669, 3.672, 3.6705, 3.6975, 3.7035, 3.75, 3.699];3.75;6;3.669;1;3.691875;29.535;wwwwddwd;True;True;0;0;1;1;1;1
solar_pv_005;1;1;0;0;0;0;0.707279;0.001118;0.00079;34.1697;2000-01-01T02:27:18;[3.672, 3.669, 3.672, 3.672, 3.7005, 3.7035, 3.75, 3.7005];3.75;6;3.669;1;3.692438;29.5395;wwww__d_;True;True;0;0;1;1;1;1
solar_pv_005;1;1;0;0;0;0;0.718354;0.001135;0.000815;34.14541;2000-01-01T02:27:24;[3.672, 3.669, 3.672, 3.672, 3.7245, 3.7275, 3.696, 3.7245];3.7275;5;3.669;1;3.694688;29.5575;wwww__d_;True;True;0;0;1;1;1;1
solar_pv_005;1;1;0;0;0;0;0.723101;0.001142;0.000826;33.97573;2000-01-01T02:27:30;[3.672, 3.6705, 3.672, 3.6735, 3.7155, 3.711, 3.7215, 3.7005];3.7215;6;3.6705;1;3.692063;29.5365;wwww_d_d;True;True;0;0;1;1;1;1
solar_pv_005;1;1;0;0;0;0;0.738924;0.001168;0.000863;34.1697;2000-01-01T02:27:37;[3.6705, 3.669, 3.6735, 3.6735, 3.723, 3.714, 3.7215, 3.699];3.723;4;3.669;1;3.693;29.544;wwwwddd_;True;True;0;0;1;1;1;1
solar_pv_005;1;1;0;0;0;0;0.712025;0.001125;0.000801;34.07265;2000-01-01T02:27:43;[3.6705, 3.6675, 3.6735, 3.6735, 3.7095, 3.7065, 3.711, 3.753];3.753;7;3.6675;1;3.695625;29.565;wwwwddd_;True;True;0;0;1;1;1;1
solar_pv_005;1;1;0;0;0;0;0.708861;0.00112;0.000794;34.19399;2000-01-01T02:27:49;[3.6735, 3.669, 3.672, 3.6705, 3.7005, 3.708, 3.711, 3.7545];3.7545;7;3.669;1;3.694875;29.559;wwww___d;True;True;0;0;1;1;1;1
solar_pv_005;1;1;0;0;0;0;0.737342;0.001165;0.000859;34.07265;2000-01-01T02:27:55;[3.6735, 3.669, 3.672, 3.6705, 3.7125, 3.7275, 3.7095, 3.699];3.7275;5;3.669;1;3.691687;29.5335;wwww___d;True;True;0;0;1;1;1;1
solar_pv_005;1;1;0;0;0;0;0.71519;0.00113;0.000808;33.97573;2000-01-01T02:28:01;[3.6705, 3.6705, 3.6735, 3.6735, 3.711, 3.705, 3.75, 3.711];3.75;6;3.6705;0;3.695625;29.565;wwwwdd__;True;True;0;0;1;1;1;1
solar_pv_005;1;1;0;0;0;0;0.707279;0.001118;0.00079;34.04839;2000-01-01T02:28:08;[3.672, 3.6705, 3.672, 3.6705, 3.7005, 3.7065, 3.75, 3.711];3.75;6;3.6705;1;3.694125;29.553;wwww__d_;True;True;0;0;1;1;1;1
solar_pv_005;1;1;0;0;0;0;0.732595;0.001157;0.000848;34.07265;2000-01-01T02:28:14;[3.6735, 3.669, 3.672, 3.672, 3.7125, 3.726, 3.6975, 3.7245];3.726;5;3.669;1;3.693375;29.547;wwww__d_;True;True;0;0;1;1;1;1
solar_pv_005;1;1;0;0;0;0;0.718354;0.001135;0.000815;34.12118;2000-01-01T02:28:20;[3.6735, 3.6705, 3.6735, 3.6735, 3.7215, 3.7275, 3.6945, 3.7215];3.7275;5;3.6705;1;3.6945;29.556;wwwwdd_d;True;True;0;0;1;1;1;1
solar_pv_005;1;1;0;0;0;0;0.707279;0.001118;0.00079;34.04839;2000-01-01T02:28:26;[3.6735, 3.669, 3.6705, 3.6735, 3.7125, 3.7065, 3.75, 3.699];3.75;6;3.669;1;3.694312;29.5545;wwwwdd_d;True;True;0;0;1;1;1;1
solar_pv_005;1;1;0;0;0;0;0.712025;0.001125;0.000801;34.07265;2000-01-01T02:28:32;[3.6705, 3.669, 3.6735, 3.6735, 3.723, 3.7275, 3.6975, 3.723];3.7275;5;3.669;1;3.694688;29.5575;wwww__d_;True;True;0;0;1;1;1;1
solar_pv_005;1;1;0;0;0;0;0.697785;0.001103;0.000769;34.04839;2000-01-01T02:28:38;[3.6735, 3.6705, 3.6735, 3.6735, 3.7215, 3.7275, 3.6945, 3.7215];3.7275;5;3.6705;1;3.6945;29.556;wwwwdd_d;True;True;0;0;1;1;1;1
solar_pv_005;1;1;0;0;0;0;0.738924;0.001168;0.000863;34.12118;2000-01-01T02:28:45;[3.672, 3.6705, 3.672, 3.672, 3.7125, 3.7065, 3.7515, 3.7005];3.7515;6;3.6705;1;3.694687;29.5575;wwwwdd_d;True;True;0;0;1;1;1;1
solar_pv_005;1;1;0;0;0;0;0.699367;0.001105;0.000773;33.97573;2000-01-01T02:28:51;[3.6735, 3.6705, 3.6735, 3.6735, 3.7095, 3.705, 3.747, 3.699];3.747;6;3.6705;1;3.693937;29.5515;wwww__d_;True;True;0;0;1;1;1;1
solar_pv_005;1;1;0;0;0;0;0.705696;0.001115;0.000787;34.1697;2000-01-01T02:28:57;[3.6735, 3.6705, 3.6735, 3.6735, 3.7215, 3.726, 3.6945, 3.7245];3.726;5;3.6705;1;3.694688;29.5575;wwww__d_;True;True;0;0;1;1;1;1
solar_pv_005;1;1;0;0;0;0;0.731013;0.001155;0.000844;34.02416;2000-01-01T02:29:03;[3.6735, 3.669, 3.6705, 3.675, 3.7125, 3.7065, 3.7515, 3.7005];3.7515;6;3.669;1;3.694875;29.559;wwwwdd_d;True;True;0;0;1;1;1;1
solar_pv_005;1;1;0;0;0;0;0.743671;0.001175;0.000874;33.99996;2000-01-01T02:29:09;[3.6735, 3.6705, 3.6735, 3.6735, 3.7035, 3.7035, 3.7515, 3.7005];3.7515;6;3.6705;1;3.69375;29.55;wwww__d_;True;True;0;0;1;1;1;1
solar_pv_005;1;1;0;0;0;0;0.696203;0.0011;0.000766;34.12118;2000-01-01T02:29:15;[3.6735, 3.6705, 3.6735, 3.6735, 3.72, 3.7245, 3.6945, 3.7245];3.7245;5;3.6705;1;3.694313;29.5545;wwww__d_;True;True;0;0;1;1;1;1
solar_pv_005;1;1;0;0;0;0;0.726266;0.001148;0.000833;34.07265;2000-01-01T02:29:22;[3.6735, 3.6705, 3.6735, 3.672, 3.7185, 3.7245, 3.696, 3.7245];3.7245;5;3.6705;1;3.694125;29.553;wwwwdd_d;True;True;0;0;1;1;1;1
solar_pv_005;1;1;0;0;0;0;0.718354;0.001135;0.000815;34.12118;2000-01-01T02:29:28;[3.6735, 3.6705, 3.6735, 3.6735, 3.711, 3.705, 3.7485, 3.7005];3.7485;6;3.6705;1;3.6945;29.556;wwwwdd_d;True;True;0;0;1;1;1;1
solar_pv_005;1;1;0;0;0;0;0.716772;0.001133;0.000812;34.07265;2000-01-01T02:29:34;[3.6735, 3.6705, 3.6735, 3.6735, 3.7215, 3.729, 3.696, 3.7215];3.729;5;3.6705;1;3.694875;29.559;wwww__d_;True;True;0;0;1;1;1;1
solar_pv_005;1;1;0;0;0;0;0.693038;0.001095;0.000759;33.95153;2000-01-01T02:29:40;[3.6735, 3.6675, 3.675, 3.6735, 3.7245, 3.729, 3.6975, 3.7245];3.729;5;3.6675;1;3.695625;29.565;wwwwdd_d;True;True;0;0;1;1;1;1
solar_pv_005;1;1;0;0;0;0;0.718354;0.001135;0.000815;33.97573;2000-01-01T02:29:46;[3.6735, 3.6705, 3.6735, 3.6735, 3.7095, 3.7065, 3.75, 3.6975];3.75;6;3.6705;1;3.694312;29.5545;wwwwdd_d;True;True;0;0;1;1;1;1
solar_pv_005;1;1;0;0;0;0;0.716772;0.001133;0.000812;33.92733;2000-01-01T02:29:52;[3.6735, 3.6705, 3.6735, 3.6705, 3.711, 3.708, 3.753, 3.702];3.753;6;3.6705;1;3.69525;29.562;wwww__d_;True;True;0;0;1;1;1;1
solar_pv_005;1;1;0;0;0;0;0.705696;0.001115;0.000787;33.97573;2000-01-01T02:29:59;[3.6735, 3.6705, 3.6705, 3.675, 3.7245, 3.729, 3.6975, 3.7245];3.729;5;3.6705;1;3.695625;29.565;wwww__d_;True;True;0;0;1;1;1;1
solar_pv_005;1;1;0;0;0;0;0.710443;0.001123;0.000797;33.95153;2000-01-01T02:30:05;[3.6735, 3.6705, 3.6705, 3.675, 3.714, 3.708, 3.7515, 3.702];3.7515;6;3.6705;1;3.695625;29.565;wwwwdd_d;True;True;0;0;1;1;1;1
solar_pv_005;1;1;0;0;0;0;0.704114;0.001112;0.000783;34.19399;2000-01-01T02:30:11;[3.6705, 3.6705, 3.6735, 3.675, 3.7125, 3.7065, 3.7515, 3.7005];3.7515;6;3.6705;0;3.695063;29.5605;wwww__d_;True;True;0;0;1;1;1;1
solar_pv_005;1;1;0;0;0;0;0.699367;0.001105;0.000773;33.85479;2000-01-01T02:30:17;[3.6735, 3.6705, 3.672, 3.675, 3.7245, 3.729, 3.699, 3.7245];3.729;5;3.6705;1;3.696;29.568;wwww__d_;True;True;0;0;1;1;1;1
solar_pv_005;1;1;0;0;0;0;0.705696;0.001115;0.000787;34.04839;2000-01-01T02:30:23;[3.6735, 3.6675, 3.672, 3.675, 3.7245, 3.729, 3.6975, 3.7245];3.729;5;3.6675;1;3.695438;29.5635;wwwwdd_d;True;True;0;0;1;1;1;1
solar_pv_005;1;1;0;0;0;0;0.721519;0.00114;0.000823;33.85479;2000-01-01T02:30:30;[3.6735, 3.672, 3.6735, 3.6735, 3.711, 3.7065, 3.7485, 3.702];3.7485;6;3.672;1;3.695063;29.5605;wwwwdd_d;True;True;0;0;1;1;1;1
solar_pv_005;1;1;0;0;0;0;0.719937;0.001138;0.000819;33.85479;2000-01-01T02:30:36;[3.6735, 3.6675, 3.672, 3.6735, 3.726, 3.729, 3.699, 3.7245];3.729;5;3.6675;1;3.695625;29.565;wwww__d_;True;True;0;0;1;1;1;1
solar_pv_005;1;1;0;0;0;0;0.693038;0.001095;0.000759;33.92733;2000-01-01T02:30:42;[3.6735, 3.6705, 3.6735, 3.6705, 3.717, 3.7305, 3.699, 3.726];3.7305;5;3.6705;1;3.695062;29.5605;wwwwdd_d;True;True;0;0;1;1;1;1
solar_pv_005;1;1;0;0;0;0;0.712025;0.001125;0.000801;33.87896;2000-01-01T02:30:48;[3.6735, 3.6705, 3.6735, 3.6735, 3.702, 3.7065, 3.753, 3.702];3.753;6;3.6705;1;3.694312;29.5545;wwwwdd_d;True;True;0;0;1;1;1;1
solar_pv_005;1;1;0;0;0;0;0.75;0.001185;0.000889;33.80645;2000-01-01T02:30:54;[3.675, 3.672, 3.6735, 3.6735, 3.7095, 3.705, 3.75, 3.702];3.75;6;3.672;1;3.695062;29.5605;wwww__d_;True;True;0;0;1;1;1;1
solar_pv_005;1;1;0;0;0;0;0.705696;0.001115;0.000787;33.92733;2000-01-01T02:31:00;[3.6705, 3.672, 3.675, 3.675, 3.7245, 3.729, 3.699, 3.726];3.729;5;3.6705;0;3.696375;29.571;wwww__d_;True;True;0;0;1;1;1;1
solar_pv_005;1;1;0;0;0;0;0.704114;0.001112;0.000783;33.92733;2000-01-01T02:31:07;[3.675, 3.672, 3.6735, 3.6735, 3.7095, 3.705, 3.75, 3.702];3.75;6;3.672;1;3.695062;29.5605;wwwwdd_d;True;True;0;0;1;1;1;1
solar_pv_005;1;1;0;0;0;0;0.723101;0.001142;0.000826;33.97573;2000-01-01T02:31:13;[3.675, 3.672, 3.675, 3.6735, 3.711, 3.7065, 3.7485, 3.7005];3.7485;6;3.672;1;3.69525;29.562;wwww__d_;True;True;0;0;1;1;1;1
solar_pv_005;1;1;0;0;0;0;0.708861;0.00112;0.000794;34.1697;2000-01-01T02:31:19;[3.6735, 3.6705, 3.672, 3.672, 3.726, 3.729, 3.699, 3.726];3.729;5;3.6705;1;3.696;29.568;wwww__d_;True;True;0;0;1;1;1;1
solar_pv_005;1;1;0;0;0;0;0.72943;0.001153;0.000841;34.14541;2000-01-01T02:31:25;[3.675, 3.672, 3.6735, 3.6735, 3.7155, 3.7275, 3.7005, 3.726];3.7275;5;3.672;1;3.695438;29.5635;wwww_d_d;True;True;0;0;1;1;1;1
solar_pv_005;1;1;0;0;0;0;0.702532;0.00111;0.00078;34.07265;2000-01-01T02:31:31;[3.675, 3.6705, 3.6735, 3.675, 3.723, 3.717, 3.7215, 3.699];3.723;4;3.6705;1;3.694312;29.5545;wwww_d_d;True;True;0;0;1;1;1;1
solar_pv_005;1;1;0;0;0;0;0.702532;0.00111;0.00078;33.92733;2000-01-01T02:31:37;[3.672, 3.669, 3.675, 3.675, 3.7125, 3.7095, 3.7125, 3.756];3.756;7;3.669;1;3.697687;29.5815;wwwwddd_;True;True;0;0;1;1;1;1
solar_pv_005;1;1;0;0;0;0;0.719937;0.001138;0.000819;34.04839;2000-01-01T02:31:44;[3.675, 3.672, 3.6735, 3.672, 3.702, 3.711, 3.714, 3.7575];3.7575;7;3.672;1;3.697125;29.577;wwww___d;True;True;0;0;1;1;1;1
solar_pv_005;1;1;0;0;0;0;0.712025;0.001125;0.000801;34.1697;2000-01-01T02:31:50;[3.6735, 3.672, 3.6735, 3.675, 3.726, 3.729, 3.7125, 3.702];3.729;5;3.672;1;3.695437;29.5635;wwww___d;True;True;0;0;1;1;1;1
solar_pv_005;1;1;0;0;0;0;0.726266;0.001148;0.000833;34.14541;2000-01-01T02:31:56;[3.672, 3.669, 3.675, 3.675, 3.7245, 3.7305, 3.711, 3.702];3.7305;5;3.669;1;3.694875;29.559;wwwwdd__;True;True;0;0;1;1;1;1
solar_pv_005;1;1;0;0;0;0;0.704114;0.001112;0.000783;33.97573;2000-01-01T02:32:02;[3.675, 3.672, 3.675, 3.675, 3.702, 3.7065, 3.7545, 3.714];3.7545;6;3.672;1;3.69675;29.574;wwwwdd__;True;True;0;0;1;1;1;1
solar_pv_005;1;1;0;0;0;0;0.712025;0.001125;0.000801;33.97573;2000-01-01T02:32:08;[3.672, 3.6705, 3.675, 3.675, 3.726, 3.7305, 3.699, 3.726];3.7305;5;3.6705;1;3.69675;29.574;wwww__d_;True;True;0;0;1;1;1;1
solar_pv_005;1;1;0;0;0;0;0.731013;0.001155;0.000844;34.02416;2000-01-01T02:32:14;[3.672, 3.6735, 3.675, 3.675, 3.7245, 3.7305, 3.699, 3.7245];3.7305;5;3.672;0;3.69675;29.574;wwwwdd_d;True;True;0;0;1;1;1;1
solar_pv_005;1;1;0;0;0;0;0.699367;0.001105;0.000773;33.80645;2000-01-01T02:32:21;[3.675, 3.672, 3.675, 3.672, 3.714, 3.7095, 3.753, 3.7035];3.753;6;3.672;1;3.69675;29.574;wwwwdd_d;True;True;0;0;1;1;1;1
solar_pv_005;1;1;0;0;0;0;0.693038;0.001095;0.000759;33.87896;2000-01-01T02:32:27;[3.675, 3.6705, 3.675, 3.675, 3.708, 3.705, 3.753, 3.702];3.753;6;3.6705;1;3.695437;29.5635;wwww__d_;True;True;0;0;1;1;1;1
solar_pv_005;1;1;0;0;0;0;0.731013;0.001155;0.000844;33.78234;2000-01-01T02:32:33;[3.6735, 3.672, 3.675, 3.6735, 3.7215, 3.7275, 3.6975, 3.7275];3.7275;5;3.672;1;3.696;29.568;wwww__d_;True;True;0;0;1;1;1;1
solar_pv_005;1;1;0;0;0;0;0.704114;0.001112;0.000783;33.83062;2000-01-01T02:32:39;[3.675, 3.669, 3.6735, 3.675, 3.7125, 3.708, 3.753, 3.702];3.753;6;3.669;1;3.696;29.568;wwwwdd_d;True;True;0;0;1;1;1;1
solar_pv_005;1;1;0;0;0;0;0.705696;0.001115;0.000787;33.80645;2000-01-01T02:32:45;[3.675, 3.6705, 3.672, 3.6765, 3.7155, 3.7095, 3.753, 3.7035];3.753;6;3.6705;1;3.696938;29.5755;wwww__d_;True;True;0;0;1;1;1;1
solar_pv_005;1;1;0;0;0;0;0.719937;0.001138;0.000819;33.73406;2000-01-01T02:32:52;[3.672, 3.672, 3.6765, 3.6765, 3.7275, 3.7305, 3.7005, 3.726];3.7305;5;3.672;0;3.697687;29.5815;wwww__d_;True;True;0;0;1;1;1;1
solar_pv_005;1;1;0;0;0;0;0.718354;0.001135;0.000815;33.73406;2000-01-01T02:32:58;[3.675, 3.6735, 3.675, 3.675, 3.7245, 3.7305, 3.699, 3.7245];3.7305;5;3.6735;1;3.697125;29.577;wwwwdd_d;True;True;0;0;1;1;1;1
solar_pv_005;1;1;0;0;0;0;0.700949;0.001108;0.000776;33.56536;2000-01-01T02:33:04;[3.675, 3.672, 3.675, 3.6735, 3.702, 3.708, 3.753, 3.7035];3.753;6;3.672;1;3.69525;29.562;wwwwdd_d;True;True;0;0;1;1;1;1
solar_pv_005;1;1;0;0;0;0;0.721519;0.00114;0.000823;33.44512;2000-01-01T02:33:10;[3.675, 3.672, 3.675, 3.675, 3.7245, 3.7275, 3.6975, 3.7275];3.7275;5;3.672;1;3.69675;29.574;wwww__d_;True;True;0;0;1;1;1;1
solar_pv_005;1;1;0;0;0;0;0.691456;0.001093;0.000755;33.49319;2000-01-01T02:33:16;[3.672, 3.6705, 3.675, 3.6765, 3.726, 3.7305, 3.699, 3.7275];3.7305;5;3.6705;1;3.697125;29.577;wwwwdd_d;True;True;0;0;1;1;1;1
solar_pv_005;1;1;0;0;0;0;0.713608;0.001127;0.000805;33.39709;2000-01-01T02:33:22;[3.675, 3.6705, 3.6735, 3.6765, 3.7155, 3.7095, 3.753, 3.7035];3.753;6;3.6705;1;3.697125;29.577;wwwwdd_d;True;True;0;0;1;1;1;1
solar_pv_005;1;1;0;0;0;0;0.721519;0.00114;0.000823;33.54131;2000-01-01T02:33:29;[3.6735, 3.6705, 3.6765, 3.6765, 3.714, 3.711, 3.753, 3.7035];3.753;6;3.6705;1;3.697313;29.5785;wwww__d_;True;True;0;0;1;1;1;1
solar_pv_005;1;1;0;0;0;0;0.737342;0.001165;0.000859;33.44512;2000-01-01T02:33:35;[3.675, 3.672, 3.675, 3.675, 3.717, 3.729, 3.7005, 3.7275];3.729;5;3.672;1;3.696375;29.571;wwww__d_;True;True;0;0;1;1;1;1
solar_pv_005;1;1;0;0;0;0;0.700949;0.001108;0.000776;33.78234;2000-01-01T02:33:41;[3.6735, 3.672, 3.672, 3.6765, 3.7155, 3.7095, 3.7545, 3.7035];3.7545;6;3.672;1;3.697125;29.577;wwwwdd_d;True;True;0;0;1;1;1;1
solar_pv_005;1;1;0;0;0;0;0.708861;0.00112;0.000794;33.73406;2000-01-01T02:33:47;[3.6765, 3.672, 3.675, 3.675, 3.7125, 3.708, 3.75, 3.705];3.75;6;3.672;1;3.69675;29.574;wwww__d_;True;True;0;0;1;1;1;1
solar_pv_005;1;1;0;0;0;0;0.712025;0.001125;0.000801;33.73406;2000-01-01T02:33:53;[3.675, 3.672, 3.6735, 3.6735, 3.729, 3.732, 3.7005, 3.7275];3.732;5;3.672;1;3.697875;29.583;wwww__d_;True;True;0;0;1;1;1;1
solar_pv_005;1;1;0;0;0;0;0.723101;0.001142;0.000826;33.73406;2000-01-01T02:33:59;[3.675, 3.6735, 3.675, 3.675, 3.726, 3.7305, 3.7005, 3.7245];3.7305;5;3.6735;1;3.6975;29.58;wwwwdd_d;True;True;0;0;1;1;1;1
solar_pv_005;1;1;0;0;0;0;0.732595;0.001157;0.000848;33.73406;2000-01-01T02:34:06;[3.675, 3.672, 3.675, 3.6765, 3.7155, 3.711, 3.753, 3.7035];3.753;6;3.672;1;3.697688;29.5815;wwwwdd_d;True;True;0;0;1;1;1;1
solar_pv_005;1;1;0;0;0;0;0.707279;0.001118;0.00079;33.78234;2000-01-01T02:34:12;[3.675, 3.672, 3.6765, 3.6735, 3.7305, 3.732, 3.7005, 3.7275];3.732;5;3.672;1;3.698438;29.5875;wwww__d_;True;True;0;0;1;1;1;1
solar_pv_005;1;1;0;0;0;0;0.78481;0.00124;0.000973;33.73406;2000-01-01T02:34:18;[3.6735, 3.669, 3.675, 3.6765, 3.7275, 3.732, 3.7005, 3.7275];3.732;5;3.669;1;3.697688;29.5815;wwwwdd_d;True;True;0;0;1;1;1;1
solar_pv_005;1;1;0;0;0;0;0.75;0.001185;0.000889;33.78234;2000-01-01T02:34:24;[3.6735, 3.6705, 3.6765, 3.6765, 3.7155, 3.711, 3.7545, 3.7035];3.7545;6;3.6705;1;3.697688;29.5815;wwwwdd_d;True;True;0;0;1;1;1;1
solar_pv_005;1;1;0;0;0;0;0.726266;0.001148;0.000833;33.68581;2000-01-01T02:34:30;[3.675, 3.672, 3.675, 3.6765, 3.7065, 3.708, 3.7545, 3.7035];3.7545;6;3.672;1;3.696375;29.571;wwww__d_;True;True;0;0;1;1;1;1
solar_pv_005;1;1;0;0;0;0;0.718354;0.001135;0.000815;33.78234;2000-01-01T02:34:37;[3.675, 3.672, 3.6735, 3.6735, 3.729, 3.732, 3.702, 3.729];3.732;5;3.672;1;3.69825;29.586;wwww__d_;True;True;0;0;1;1;1;1
solar_pv_005;1;1;0;0;0;0;0.705696;0.001115;0.000787;33.68581;2000-01-01T02:34:43;[3.6735, 3.6705, 3.6765, 3.6765, 3.7155, 3.7095, 3.7545, 3.705];3.7545;6;3.6705;1;3.697687;29.5815;wwwwdd_d;True;True;0;0;1;1;1;1
solar_pv_005;1;1;0;0;0;0;0.724684;0.001145;0.00083;33.85479;2000-01-01T02:34:49;[3.675, 3.672, 3.675, 3.675, 3.7155, 3.711, 3.7545, 3.705];3.7545;6;3.672;1;3.697875;29.583;wwww__d_;True;True;0;0;1;1;1;1
solar_pv_005;1;1;0;0;0;0;0.710443;0.001123;0.000797;33.73406;2000-01-01T02:34:55;[3.6735, 3.672, 3.6765, 3.6765, 3.7275, 3.732, 3.7005, 3.7275];3.732;5;3.672;1;3.69825;29.586;wwww__d_;True;True;0;0;1;1;1;1
solar_pv_005;1;1;0;0;0;0;0.727848;0.00115;0.000837;33.80645;2000-01-01T02:35:01;[3.6735, 3.6735, 3.6765, 3.6765, 3.7275, 3.732, 3.7005, 3.7275];3.732;5;3.6735;0;3.698438;29.5875;wwwwdd_d;True;True;0;0;1;1;1;1
solar_pv_005;1;1;0;0;0;0;0.713608;0.001127;0.000805;33.85479;2000-01-01T02:35:07;[3.6765, 3.672, 3.6735, 3.6735, 3.717, 3.711, 3.7545, 3.705];3.7545;6;3.672;1;3.697875;29.583;wwwwdd_d;True;True;0;0;1;1;1;1
solar_pv_005;1;1;0;0;0;0;0.712025;0.001125;0.000801;33.68581;2000-01-01T02:35:14;[3.675, 3.672, 3.6735, 3.675, 3.7275, 3.732, 3.702, 3.729];3.732;5;3.672;1;3.69825;29.586;wwww__d_;True;True;0;0;1;1;1;1
solar_pv_005;1;1;0;0;0;0;0.912975;0.001443;0.001317;34.02416;2000-01-01T02:35:20;[3.6765, 3.6735, 3.6765, 3.6765, 3.726, 3.732, 3.699, 3.726];3.732;5;3.6735;1;3.69825;29.586;wwwwdd_d;True;True;0;0;1;1;1;1
solar_pv_005;1;1;0;0;0;0;0.781646;0.001235;0.000965;33.80645;2000-01-01T02:35:26;[3.675, 3.669, 3.675, 3.6765, 3.7155, 3.711, 3.7545, 3.7035];3.7545;6;3.669;1;3.6975;29.58;wwwwdd_d;True;True;0;0;1;1;1;1
solar_pv_005;1;1;0;0;0;0;0.773734;0.001222;0.000946;33.83062;2000-01-01T02:35:32;[3.675, 3.672, 3.6735, 3.675, 3.7155, 3.711, 3.756, 3.705];3.756;6;3.672;1;3.697875;29.583;wwww__d_;True;True;0;0;1;1;1;1
solar_pv_005;1;1;0;0;0;0;0.759494;0.0012;0.000911;33.75817;2000-01-01T02:35:38;[3.675, 3.672, 3.675, 3.672, 3.726, 3.7335, 3.702, 3.729];3.7335;5;3.672;1;3.698062;29.5845;wwww__d_;True;True;0;0;1;1;1;1
solar_pv_005;1;1;0;0;0;0;0.912975;0.001443;0.001317;33.73406;2000-01-01T02:35:44;[3.675, 3.672, 3.672, 3.678, 3.717, 3.711, 3.756, 3.705];3.756;6;3.672;1;3.69825;29.586;wwwwdd_d;True;True;0;0;1;1;1;1
solar_pv_005;1;1;0;0;0;0;0.859177;0.001357;0.001166;33.73406;2000-01-01T02:35:51;[3.675, 3.6705, 3.6735, 3.6765, 3.717, 3.7125, 3.7545, 3.7035];3.7545;6;3.6705;1;3.697875;29.583;wwww__d_;True;True;0;0;1;1;1;1
solar_pv_005;1;1;0;0;0;0;0.830696;0.001312;0.00109;33.70995;2000-01-01T02:35:57;[3.6765, 3.6735, 3.6765, 3.6765, 3.726, 3.732, 3.7005, 3.7245];3.732;5;3.6735;1;3.69825;29.586;wwww__d_;True;True;0;0;1;1;1;1
